实际Y浓度,线性回归预测,随机森林预测,残差_线性,残差_随机森林
2.5935840000000003,7.714496736350423,4.7849257924950654,-5.120912736350423,-2.191341792495065
3.4886856,8.146297637587033,5.899170275694724,-4.6576120375870325,-2.4104846756947236
6.617100300000001,8.685654604202766,6.7467216300559665,-2.068554304202765,-0.12962133005596588
6.1191623,8.955648415454656,7.542601492718933,-2.8364861154546555,-1.4234391927189325
5.9230127,7.542096983820232,6.7896929954566785,-1.6190842838202322,-0.8666802954566784
4.2401417,7.753636624784183,6.297892107463001,-3.513494924784183,-2.0577504074630015
4.7824846,8.205202336471798,6.204329466951887,-3.422717736471798,-1.4218448669518873
4.2674699,8.616607771369356,5.74917193236191,-4.349137871369356,-1.48170203236191
4.7362214,8.616607771369356,5.74917193236191,-3.8803863713693563,-1.0129505323619101
5.471245000000001,6.970407836314115,6.445498091344422,-1.499162836314114,-0.9742530913444218
5.6711485999999995,6.970407836314115,6.445498091344422,-1.299259236314115,-0.7743494913444229
6.518483699999999,6.970407836314115,6.445498091344422,-0.45192413631411554,0.07298560865557668
6.324940399999999,7.364819627757582,7.343106643233678,-1.0398792277575826,-1.0181662432336784
5.2252975,7.678245791488351,6.4411823944904585,-2.452948291488351,-1.2158848944904586
6.6498894,7.99628972068809,6.900352240026186,-1.3464003206880895,-0.25046284002618613
4.9497736,8.123924469266566,6.44678592216044,-3.1741508692665654,-1.4970123221604394
6.679994000000001,8.73519569809773,7.43725344452369,-2.0552016980977292,-0.7572594445236893
5.1690295,9.202681829548702,6.01334337088087,-4.033652329548702,-0.8443138708808702
8.2346981,9.612436786228466,9.312339820067086,-1.3777386862284668,-1.0776417200670867
5.1570139,8.053243632770611,6.393817144865245,-2.8962297327706112,-1.2368032448652455
8.1532945,8.283245640063067,7.786915968378241,-0.12995114006306707,0.36637853162175826
10.1764756,8.820742933820823,7.803549941608935,1.3557326661791773,2.3729256583910647
16.45575,9.115281809619304,13.073988002682343,7.340468190380694,3.381761997317655
6.9468822,6.767153161905952,6.473681217425329,0.17972903809404794,0.4732009825746708
9.6378818,7.2626642432016535,8.097495845145504,2.375217556798347,1.5403859548544965
7.637113199999999,7.733470217779717,7.752955930775479,-0.09635701777971839,-0.11584273077547991
7.5086921,8.247540971355606,9.096436990342967,-0.7388488713556063,-1.5877448903429672
2.1901617,6.123263933470395,4.0830200834197194,-3.933102233470395,-1.8928583834197195
3.8038491,6.5907066378706975,5.8965941224693905,-2.7868575378706977,-2.0927450224693906
2.6983734,7.130954675817385,4.5217992388100905,-4.432581275817386,-1.8234258388100906
3.5199815,7.49052598689454,4.290754045446871,-3.97054448689454,-0.7707725454468708
3.4007365,7.49052598689454,4.290754045446871,-4.08978948689454,-0.8900175454468711
6.0489524,8.541387147338662,6.854532053614729,-2.4924347473386623,-0.8055796536147293
2.7798544,8.846303192160526,5.842330739643494,-6.066448792160527,-3.0624763396434935
2.7104377,9.186097013901588,6.624929288506332,-6.475659313901588,-3.9144915885063316
6.0891478,9.436717577062952,8.232516437472768,-3.347569777062952,-2.1433686374727676
4.1527977,8.3026327965989,6.104129301418725,-4.1498350965989,-1.9513316014187252
5.8182258000000004,8.752096935445342,6.520842358737496,-2.933871135445342,-0.7026165587374953
5.7364655,9.263935739084433,6.170971650687007,-3.5274702390844324,-0.4345061506870067
15.926742399999998,9.33981058055285,13.075362627204584,6.586931819447148,2.851379772795415
2.4202242,8.404683937811084,5.217312109901331,-5.984459737811084,-2.7970879099013315
1.0003887,8.746276683334381,5.038264763239314,-7.745887983334381,-4.037876063239314
3.3142605,8.916763975391333,4.68402676101981,-5.602503475391334,-1.36976626101981
3.1946033,8.916763975391333,4.68402676101981,-5.722160675391334,-1.4894234610198103
2.6902203,8.916763975391333,4.68402676101981,-6.2265436753913335,-1.99380646101981
2.7438412999999997,9.180863440933528,4.091753452028432,-6.437022140933529,-1.3479121520284325
3.2579041,9.180863440933528,4.091753452028432,-5.922959340933528,-0.833849352028432
3.8914016000000005,5.590544196554992,4.749757294630447,-1.6991425965549918,-0.8583556946304465
3.4380464,5.990634616826812,3.7772609383659317,-2.5525882168268117,-0.3392145383659315
6.8982529,6.547970148996403,6.078034535364838,0.35028275100359707,0.8202183646351617
5.291030699999999,6.840189176349205,5.788296032276381,-1.5491584763492057,-0.49726533227638114
3.2913861000000004,7.4113634423334815,5.4562602377197855,-4.119977342333481,-2.164874137719785
4.6954378,8.07728993741994,5.883431110995491,-3.3818521374199397,-1.1879933109954912
7.0366833,8.435422109309656,6.770766616313083,-1.3987388093096556,0.2659166836869167
5.523771,8.794993420386811,6.727987862849292,-3.2712224203868114,-1.2042168628492922
7.8893497,6.357101543109385,6.649066175209682,1.5322481568906152,1.2402835247903186
8.8443185,6.967481700609597,8.419771877350769,1.8768367993904027,0.42454662264923115
12.2703314,7.47132707178309,8.90504616636221,4.79900432821691,3.36528523363779
15.612462399999998,7.992705472844966,13.638409886090521,7.6197569271550325,1.9740525139094771
3.2391576,6.666087723081006,4.95587888973209,-3.426930123081006,-1.71672128973209
3.2553631,7.008383175343308,6.813190871714624,-3.7530200753433083,-3.557827771714624
5.8318228,7.404614324671314,6.937783200888857,-1.572791524671314,-1.1059604008888568
8.6271422,7.818824039149048,8.989528934651117,0.808318160850952,-0.3623867346511176
2.4533015,7.831294523391254,4.936104494567972,-5.377993023391253,-2.482802994567972
4.582309100000001,8.245731367356907,6.276783342395444,-3.663422267356906,-1.6944742423954438
8.2067689,8.794759669590167,7.26496030921847,-0.5879907695901672,0.9418085907815303
7.3051568,9.087004603076398,9.091721325549418,-1.7818478030763982,-1.7865645255494185
8.453028999999999,7.577407641126718,8.09259321560271,0.8756213588732811,0.3604357843972892
7.5467857,8.044763491021552,8.20866189551926,-0.49797779102155193,-0.6618761955192598
7.8974324,8.299954896318116,8.01531120626932,-0.40252249631811665,-0.11787880626932079
10.8477792,8.688239799901467,8.836877479582718,2.1595394000985326,2.010901720417282
7.0759818,6.948418600578794,7.794542939083867,0.12756319942120609,-0.7185611390838673
6.2230758999999995,7.273290357404112,7.555635360103054,-1.0502144574041123,-1.3325594601030541
4.1368958,8.080518752972711,5.313024072545769,-3.943622952972712,-1.1761282725457693
3.880957,8.549351574200253,4.687803808371951,-4.668394574200253,-0.8068468083719513
5.9397738,8.88955420289631,6.4454608790935435,-2.9497804028963097,-0.5056870790935433
8.1126393,9.337628225319644,8.959376094379168,-1.2249889253196447,-0.8467367943791686
8.3620369,8.140837530725031,8.128496588522024,0.2211993692749683,0.2335403114779755
6.6901470000000005,8.53715429276996,7.830764537062614,-1.84700729276996,-1.1406175370626137
5.4482961,8.896725603847115,7.619383866488703,-3.448429503847114,-2.1710877664887027
5.9676200999999995,9.131392939879339,8.304776890584364,-3.163772839879339,-2.3371567905843644
7.074804299999999,8.060576546733515,7.256111535514569,-0.9857722467335153,-0.18130723551456995
5.6692518,8.473789820602427,7.465794130978451,-2.8045380206024273,-1.7965423309784514
8.7071992,7.490833793974251,8.673851023246538,1.2163654060257487,0.0333481767534618
7.739073100000001,8.133969836061274,7.652330720624301,-0.3948967360612734,0.08674237937569984
10.040734,8.319019818478987,7.8590232420030395,1.7217141815210137,2.181710757996961
10.307822,8.509041879233175,8.814412385959757,1.7987801207668248,1.4934096140402424
4.6937337,8.066640004115017,6.715649147585285,-3.372906304115017,-2.021915447585285
7.2264411,8.657374329265867,8.985459681231925,-1.4309332292658672,-1.759018581231925
8.2513404,9.15780258534612,7.684677472646337,-0.9064621853461201,0.5666629273536632
8.245783600000001,9.49951146477294,9.328976259747703,-1.253727864772939,-1.0831926597477022
4.92842,7.817467054658803,8.103851133823369,-2.8890470546588034,-3.175431133823369
5.3949339,8.266931193505247,8.087967933870923,-2.871997293505247,-2.693034033870923
4.2504311,8.680438201243975,7.366670786046983,-4.430007101243975,-3.116239686046983
3.9165527,8.680438201243975,7.366670786046983,-4.7638855012439745,-3.450118086046983
4.3557643,8.680438201243975,7.366670786046983,-4.324673901243975,-3.0109064860469834
4.8049912,8.739846731994632,7.335706664126799,-3.934855531994632,-2.530715464126799
2.3893112000000003,6.865683526542011,5.617126494996151,-4.476372326542011,-3.2278152949961503
4.6532635,7.423019058711602,7.743858620693166,-2.7697555587116014,-3.090595120693165
6.866750400000001,7.709162293928554,7.279323006243694,-0.8424118939285528,-0.4125726062436934
10.2828594,8.03151496266206,9.085874752873469,2.2513444373379397,1.1969846471265306
4.9032976999999995,7.517418352310867,6.0358159398489875,-2.6141206523108673,-1.132518239848988
7.6264095,8.076011461336336,7.229627243300455,-0.44960196133633534,0.39678225669954514
6.721977399999999,8.579411296844354,7.183426094597787,-1.8574338968443547,-0.46144869459778803
7.296530199999999,8.800184391318284,8.386103479921845,-1.5036541913182848,-1.0895732799218454
1.7966719,8.189630952110331,3.192074132586241,-6.392959052110331,-1.395402232586241
3.1178605000000004,8.189630952110331,3.192074132586241,-5.07177045211033,-0.07421363258624059
2.791792,8.189630952110331,3.192074132586241,-5.397838952110331,-0.4002821325862409
2.6795077000000003,8.585072539385603,5.277863422863147,-5.905564839385603,-2.598355722863147
7.2610342999999995,9.322280582003371,6.815009665600501,-2.0612462820033715,0.4460246343994987
9.4116781,9.897681534232289,9.574247764855338,-0.4860034342322894,-0.1625696648553383
9.6271518,9.897681534232289,9.574247764855338,-0.270529734232289,0.05290403514466213
6.695688700000001,8.391220561575867,7.661169237245293,-1.6955318615758666,-0.9654805372452921
7.7797448000000005,8.821986565274734,7.073481128958564,-1.042241765274734,0.7062636710414365
11.591111900000001,9.018671432178653,8.107455463823106,2.572440467821348,3.4836564361768954
16.3646198,9.322508122407871,14.972403759308131,7.042111677592128,1.3922160406918689
16.3174263,9.322508122407871,14.972403759308131,6.99491817759213,1.34502254069187
16.5248021,9.322508122407871,14.972403759308131,7.202293977592127,1.5523983406918678
7.2920397999999995,7.547354298823588,7.88258379765634,-0.2553144988235889,-0.5905439976563409
6.793188499999999,7.906838755395276,7.7288191330339195,-1.1136502553952763,-0.9356306330339201
12.7372428,8.086276992911975,8.347869206513652,4.650965807088026,4.389373593486349
9.518391399999999,8.334268286657688,8.234139030579023,1.1841231133423111,1.284252369420976
2.9954183,7.675859840454319,6.723762068121167,-4.680441540454319,-3.7283437681211673
4.1186096,8.075243428717833,6.6348372550125045,-3.956633828717833,-2.5162276550125044
3.8363042,8.075243428717833,6.6348372550125045,-4.238939228717833,-2.7985330550125047
4.9531846,8.33759147408102,6.261563703484619,-3.3844068740810194,-1.3083791034846186
9.5798694,8.820232510784827,8.874863344620596,0.759636889215173,0.7050060553794033
8.7640094,8.820232510784827,8.874863344620596,-0.05622311078482589,-0.11085394462059561
8.5871098,8.820232510784827,8.874863344620596,-0.23312271078482638,-0.2877535446205961
8.5470048,8.023152480385617,8.574191564830558,0.5238523196143827,-0.027186764830558374
6.564309799999999,8.274132828545907,7.783564084893272,-1.709823028545908,-1.2192542848932728
11.2786321,8.816581809678047,8.309690790912885,2.4620502903219528,2.968941309087114
5.3647009,9.099707704835923,7.340196431728085,-3.7350068048359235,-1.9754955317280851
3.9427506,7.496827568708518,6.151426536405109,-3.554076968708518,-2.2086759364051085
5.9790076,8.127131423606178,7.887977216306058,-2.148123823606178,-1.9089696163060577
3.3699365,8.522659865791049,7.258205459614149,-5.152723365791049,-3.8882689596141486
5.9101943,8.885616077795623,8.177733218434026,-2.9754217777956233,-2.2675389184340267
4.0699654,6.585204694048951,6.125118485294023,-2.5152392940489507,-2.055153085294023
3.5593636999999996,7.142540226218541,6.3860391027067696,-3.5831765262185415,-2.82667540270677
4.2863738,7.520090102849554,5.4205730122262255,-3.2337163028495546,-1.1341992122262257
8.3472563,7.988508776151394,7.980570858481258,0.35874752384860553,0.36668544151874194
8.5153707,7.988508776151394,7.980570858481258,0.5268619238486059,0.5347998415187423
4.1969056,6.803490916584966,4.260651826871365,-2.606585316584966,-0.06374622687136533
2.8568008999999996,7.342402347535223,4.204216182019906,-4.485601447535223,-1.3474152820199068
5.8160264,7.5766237749348395,6.445741747949964,-1.7605973749348394,-0.629715347949964
11.9239485,8.065373436842963,10.75978920180438,3.858575063157037,1.164159298195619
5.696113700000001,7.411576341045697,6.518573839145224,-1.7154626410456961,-0.8224601391452238
6.0075716,7.718647837730692,7.791875608711463,-1.7110762377306914,-1.7843040087114623
8.8755365,8.209889359795813,7.349097277937832,0.6656471402041877,1.5264392220621685
8.4809303,8.642810814953684,8.429134557071478,-0.16188051495368327,0.051795742928522515
3.0492317,6.446737076800806,3.759796325243322,-3.3975053768008063,-0.7105646252433222
2.8286420999999997,6.914179781201109,4.193145829568729,-4.085537681201109,-1.364503729568729
5.0767633,7.435558182262985,4.624430347686721,-2.358794882262985,0.4523329523132791
3.3124523000000003,7.435558182262985,4.624430347686721,-4.123105882262984,-1.3119780476867202
9.7732645,7.920979452217144,8.777440832884075,1.852285047782856,0.9958236671159248
6.7985836,6.797762853335178,6.798689045995588,0.00082074666482157,-0.00010544599558848233
8.425851199999999,7.3100437042823705,7.13189401241013,1.115807495717628,1.2939571875898688
7.5757186,7.910316002417153,7.409507191966281,-0.3345974024171525,0.16621140803371937
9.5767796,8.180211019996397,10.488505376170883,1.3965685800036027,-0.9117257761708828
5.2193903,8.442037741140647,6.75850808142288,-3.222647441140647,-1.5391177814228802
3.8683167,8.909480445540948,6.473677317229042,-5.041163745540949,-2.6053606172290418
6.4299555999999995,9.249329870481118,7.3610056890114945,-2.819374270481118,-0.931050089011495
8.7359978,9.76340062405701,9.802292369397474,-1.0274028240570097,-1.0662945693974741
5.9785941000000005,6.930594630475345,6.58229839204643,-0.9520005304753445,-0.6037042920464293
5.5610646,7.734914685213468,6.807841957368371,-2.173850085213468,-1.2467773573683711
6.0957824,8.12743299562849,7.219858899515457,-2.0316505956284905,-1.124076499515457
15.332837699999999,8.578766847616905,13.442582018870775,6.754070852383094,1.890255681129224
10.2850419,7.938520998237408,8.031250407339586,2.3465209017625916,2.2537914926604135
6.7678118,8.476620387997261,7.387189331306932,-1.7088085879972619,-0.6193775313069327
9.273839200000001,8.85668541874416,7.833053544634652,0.41715378125584124,1.4407856553653495
7.8544089,9.20275418125817,9.802631068799348,-1.3483452812581698,-1.9482221687993482
9.3020841,7.446263635616345,8.725727905192876,1.8558204643836547,0.5763561948071239
11.8950344,8.075483190392479,9.310080818380062,3.8195512096075213,2.5849535816199385
7.1776961,8.276868828424893,7.039172083672107,-1.099172728424893,0.13852401632789313
10.5655874,8.710284676641491,9.11733786523387,1.855302723358509,1.4482495347661306
5.3157907,6.20081704948405,7.278509778588638,-0.8850263494840505,-1.9627190785886377
3.2325481000000003,6.445388228367528,3.503599243552915,-3.2128401283675276,-0.2710511435529148
3.7199071,6.797337713216357,3.5939928733368283,-3.077430613216357,0.12591422666317165
3.1304645,6.797337713216357,3.5939928733368283,-3.666873213216357,-0.4635283733368283
3.3810962,6.797337713216357,3.5939928733368283,-3.416241513216357,-0.21289667333682827
2.6088349,7.354673245385948,3.749178758717025,-4.745838345385948,-1.1403438587170247
4.1188655,7.354673245385948,3.749178758717025,-3.235807745385948,0.3696867412829752
2.9355539999999998,7.354673245385948,3.749178758717025,-4.419119245385948,-0.8136247587170251
3.6595575,5.8015444375859815,3.1223748812608654,-2.1419869375859815,0.5371826187391346
2.4398057,6.21505144532471,2.8820619685134687,-3.7752457453247104,-0.4422562685134688
3.3475897,6.540617563097225,3.648482615082757,-3.193027863097225,-0.3008929150827573
3.0609398999999997,6.852108991326165,4.435206111029088,-3.791169091326165,-1.3742662110290884
5.7734146,7.386586113030079,7.578097161514119,-1.6131715130300792,-1.8046825615141193
10.2702442,7.405724051771671,7.983281367901647,2.86452014822833,2.2869628320983537
6.0259488999999995,7.697153831201027,6.96811613556834,-1.6712049312010278,-0.9421672355683404
5.8148539,7.8384672019201345,7.1719562366865395,-2.0236133019201343,-1.3571023366865393
3.0593896999999997,7.897592143658268,5.625766811093339,-4.838202443658268,-2.566377111093339
6.3366463,8.330513599220268,7.514998738758454,-1.993867299220268,-1.1783524387584539
4.348815999999999,8.692956674432118,7.0478389773568715,-4.3441406744321185,-2.699022977356872
6.753896600000001,8.89359266006338,8.041457651271728,-2.139696060063379,-1.2875610512717266
3.8895174,8.107784990313217,5.912771436499198,-4.218267590313217,-2.023254036499198
4.2008269,8.504389432515044,6.931505249795115,-4.303562532515044,-2.730678349795115
5.6758992,8.759317350319924,6.846481924783034,-3.0834181503199236,-1.170582724783034
8.846306499999999,8.961385571884318,8.983637796923578,-0.11507907188431865,-0.1373312969235787
12.667514699999998,7.619207185285097,8.790051888162981,5.048307514714901,3.8774628118370167
14.300103,8.176542717454689,9.522487121435013,6.123560282545311,4.777615878564987
19.3623502,8.449787176720797,11.892185611538961,10.912563023279205,7.47016458846104
23.4217554,9.040405357827357,18.309210276591266,14.381350042172642,5.112545123408733
6.381056,7.835157099004511,8.604355796742984,-1.454101099004511,-2.2232997967429844
9.5999986,8.159086606917974,8.68718452165304,1.4409119930820253,0.91281407834696
9.006999200000001,8.518815581967141,8.983638016056998,0.4881836180328598,0.023361183943002573
11.395907399999999,8.878859884960333,9.754948919696778,2.517047515039666,1.6409584803032207
5.8249998,6.861420739620508,6.653391855796737,-1.0364209396205082,-0.828392055796737
5.0452751,7.582345504032597,6.2599199184589756,-2.5370704040325975,-1.214644818458976
5.666241100000001,7.882215405871206,7.489493248573349,-2.215974305871206,-1.8232521485733484
7.1868587999999995,6.845033244554455,7.223810548804497,0.3418255554455447,-0.0369517488044977
7.6301641,6.845033244554455,7.223810548804497,0.7851308554455452,0.40635355119550276
7.7438985,6.845033244554455,7.223810548804497,0.8988652554455454,0.520087951195503
8.8880618,7.151926435825914,7.5744118183870714,1.7361353641740855,1.3136499816129277
9.4286044,7.317506256782394,7.217842974532105,2.111098143217605,2.2107614254678944
9.8979283,7.679592721571305,8.28054545736843,2.218335578428695,1.6173828426315708
3.9301747,7.224272038002791,5.347930733788076,-3.2940973380027914,-1.4177560337880766
5.0915315,7.943919264570649,7.496515559788256,-2.852387764570649,-2.404984059788256
7.3114387,8.39237419459,7.597347683832582,-1.0809354945899994,-0.2859089838325817
14.8254567,8.552667470929947,11.408452417632565,6.272789229070053,3.4170042823674347
2.9457267,6.014859451539573,3.7053779658006114,-3.0691327515395734,-0.7596512658006116
4.1448149,6.500280721493733,4.204179320283303,-2.355465821493733,-0.0593644202833028
5.9986189,6.650397130608112,5.978722048790421,-0.6517782306081115,0.019896851209579403
10.7417731,7.273826672882172,10.5708487001655,3.4679464271178277,0.17092439983449914
10.059508899999999,6.22374554918688,7.748755680424735,3.835763350813119,2.310753219575264
7.7036809,5.973323102755104,6.517140497681184,1.7303577972448965,1.1865404023188164
11.798983,6.404924809951213,9.753896448329542,5.394058190048787,2.045086551670458
21.506457400000002,6.728771257323568,16.540474008847593,14.777686142676433,4.96598339115241
2.1363246,5.973796722700494,2.6099449138747546,-3.837472122700494,-0.47362031387475456
2.298037,6.333368033777649,2.632869098017419,-4.035331033777649,-0.3348320980174191
3.1799423,6.872725000393383,3.558236846530535,-3.692782700393383,-0.37829454653053496
6.261868199999999,7.340167704793685,6.67655278400732,-1.0782995047936854,-0.414684584007321
7.2526611,7.9372082402166955,8.501168616015965,-0.6845471402166954,-1.248507516015965
5.2132854,8.243159182576301,8.225995916941873,-3.029873782576301,-3.0127105169418726
7.149623500000001,8.585382583987647,8.420994572208143,-1.4357590839876462,-1.271371072208142
6.702928099999999,8.873985616681441,7.916307216613438,-2.171057516681442,-1.2133791166134387
4.6906727,6.930705772130551,5.594517197491972,-2.240033072130551,-0.9038444974919715
5.3511666,7.308255648761564,7.448810240560689,-1.9570890487615644,-2.0976436405606886
5.6394389,8.036409545432411,6.247899117121206,-2.396970645432411,-0.6084602171212063
5.0333312,7.946516717663123,5.974865842921314,-2.9131855176631225,-0.9415346429213143
7.9357128,8.182020212121053,8.159596334282583,-0.24630741212105267,-0.22388353428258245
8.2802977,8.182020212121053,8.159596334282583,0.09827748787894741,0.12070136571741763
8.4047662,8.182020212121053,8.159596334282583,0.2227459878789464,0.2451698657174166
3.8158135000000004,8.229301497831928,6.752665494049603,-4.413487997831927,-2.936851994049603
7.2015022,8.69674420223223,8.5817720506259,-1.4952420022322297,-1.3802698506259006
8.0156322,8.821080347464461,8.171846159838843,-0.8054481474644604,-0.15621395983884234
12.289944799999999,9.143180713789128,12.01473153406158,3.1467640862108706,0.27521326593841877
6.8652502,5.675077971811145,6.4866452945228765,1.190172228188855,0.37860490547712367
10.8288031,6.225169964975086,8.510646110365862,4.603633135024914,2.3181569896341383
8.2233842,6.5989677901430035,7.428862517260114,1.6244164098569964,0.7945216827398855
15.504529,7.221147754937443,12.729750710788428,8.283381245062557,2.7747782892115715
10.4988527,8.410096362197601,7.802262143565128,2.0887563378023994,2.696590556434873
11.0219686,8.69674420223223,8.5817720506259,2.3252243977677693,2.4401965493740985
12.780650399999999,8.965413476308871,8.748385111620498,3.8152369236911277,4.0322652883795005
22.7613029,9.305997013005074,17.07579710200213,13.455305886994926,5.68550579799787
7.4592692000000005,7.81212069559127,7.990111476401983,-0.3528514955912696,-0.5308422764019829
8.7955046,8.20764913777614,8.808196617319354,0.5878554622238585,-0.01269201731935432
6.7766795,8.602372082833767,7.663351772981579,-1.8256925828337671,-0.8866722729815786
9.962669100000001,8.877689044819952,9.101959481323625,1.0849800551800488,0.8607096186763759
3.4356942000000004,6.946005472729051,4.695412352146463,-3.5103112727290506,-1.2597181521464629
4.6640859,7.323555349360064,5.845684407349386,-2.6594694493600644,-1.1815985073493858
4.9970432,7.700811492121261,5.796188878348828,-2.7037682921212607,-0.799145678348828
6.3126910999999994,8.348333585929957,7.340090041011226,-2.035642485929958,-1.027398941011227
8.8459464,7.52401293569823,8.553545059322644,1.3219334643017708,0.29240134067735646
11.0666375,7.619726015578481,8.677544882699038,3.44691148442152,2.389092617300962
8.1286077,8.171473563040026,7.444287784722577,-0.04286586304002604,0.6843199152774231
7.4871855,8.56711813912842,8.488813356338426,-1.0799326391284199,-1.001627856338426
15.5522448,7.8929663656042415,9.464374172631082,7.659278434395759,6.087870627368918
12.2560542,8.235189767015585,9.404247339379689,4.020864432984414,2.851806860620311
13.7775541,8.702632471415887,9.107442467278197,5.0749216285841126,4.670111632721802
15.138727,9.062203782493043,12.195818361203273,6.076523217506956,2.9429086387967267
3.4853474,6.577917370486545,4.191452815875799,-3.0925699704865446,-0.7061054158757987
4.8193532999999995,6.955467247117558,5.111854008664395,-2.1361139471175585,-0.29250070866439515
6.7994983,7.404931385964002,6.111845690974868,-0.6054330859640018,0.6876526090251316
10.2309512,7.696896081229836,8.952638741751576,2.534055118770164,1.2783124582484238
12.6819757,7.682413175180862,8.626639019072126,4.999562524819138,4.055336680927875
10.803529000000001,8.275705838458169,8.216980224842041,2.527823161541832,2.5865487751579597
11.474591,8.779105673966185,8.038267837784318,2.6954853260338147,3.4363231622156825
12.6385578,9.210591247258773,11.204084831169258,3.4279665527412266,1.4344729688307414
7.3239507999999995,7.829708904795323,6.949588656351296,-0.5057581047953237,0.37436214364870324
3.6117442,8.297151609195625,7.691688001342062,-4.685407409195625,-4.079943801342061
11.187372199999999,8.74661574804207,7.861335617886019,2.4407564519579292,3.3260365821139795
11.3424047,9.195993032383045,11.177229872819707,2.1464116676169542,0.16517482718029264
3.7142627999999998,8.112123978188439,6.42787823363447,-4.397861178188439,-2.71361543363447
4.0974449,8.112123978188439,6.42787823363447,-4.014679078188439,-2.3304333336344696
2.6986388999999997,8.112123978188439,6.42787823363447,-5.413485078188439,-3.72923933363447
8.2003078,8.525630985927167,7.92801994409991,-0.3253231859271679,0.27228785590008897
10.0529013,8.848525596302887,8.398753528992376,1.2043757036971137,1.654147771007624
11.100734800000001,9.3522852164057,9.941476445580314,1.7484495835943008,1.1592583544196877
3.262221,7.451641218943338,6.315277729198989,-4.189420218943338,-3.0530567291989894
4.7547028,7.829191095574351,7.847776190892409,-3.0744882955743513,-3.0930733908924095
4.685772500000001,8.206567263194426,6.805163150903297,-3.5207947631944254,-2.1193906509032967
8.818384799999999,8.475985182985884,8.491833964304353,0.3423996170141148,0.32655083569564525
22.84777,7.975916503335554,13.258593016860177,14.871853496664446,9.589176983139824
17.227047300000002,8.605166297720576,11.937879428845875,8.621881002279427,5.2891678711541275
17.9750803,8.784951953259153,11.063345595744728,9.190128346740845,6.91173470425527
20.106654199999998,9.306330354321029,16.46166974942146,10.80032384567897,3.644984450578537
8.188145500000001,7.03640130971314,7.7043197379462915,1.1517441902868608,0.4838257620537094
8.5942699,7.03640130971314,7.7043197379462915,1.5578685902868603,0.8899501620537089
7.861122,7.03640130971314,7.7043197379462915,0.8247206902868598,0.1568022620537084
8.531430499999999,7.377994055236438,8.60732337862759,1.1534364447635612,-0.07589287862759164
9.1329663,7.809794956473047,7.817410911611143,1.323171343526953,1.3155553883888569
6.5544507,8.20611171851798,7.536818123611857,-1.651661018517979,-0.9823674236118567
7.4013175,8.20611171851798,7.536818123611857,-0.804794218517979,-0.13550062361185677
7.539915799999999,8.20611171851798,7.536818123611857,-0.66619591851798,0.0030976763881422897
5.4955742,7.6449922510201045,7.265232946065327,-2.1494180510201044,-1.7696587460653266
7.017807199999999,8.058499258758834,9.152449709136091,-1.040692058758835,-2.134642509136092
8.300239099999999,8.705727618697713,8.622880342334573,-0.4054885186977142,-0.3226412423345746
5.025868,6.761104309365907,6.937463546391326,-1.7352363093659067,-1.9115955463913261
4.6441025,7.30046127598164,6.919709637709998,-2.65635877598164,-2.275607137709998
6.4687173,7.749925414828083,6.308535514320555,-1.2812081148280834,0.16018178567944474
11.429080299999999,7.877877281182578,10.621609147713693,3.5512030188174206,0.8074711522863058
5.3428779,7.579576518059893,7.858684092180913,-2.2366986180598927,-2.5158061921809125
10.2513872,7.81271040252041,8.659742560443258,2.43867679747959,1.5916446395567423
10.3946175,8.388611967983493,7.789029142954527,2.0060055320165073,2.605588357045474
10.8765272,8.964219799576759,10.979056306981276,1.9123074004232414,-0.10252910698127593
6.4030658,6.589715565107218,7.47502215799584,-0.18664976510721765,-1.0719563579958393
6.6227972,7.129072531722952,7.7374315020542035,-0.5062753317229518,-1.1146343020542036
7.493440499999999,7.398751015030818,7.115143409420667,0.09468948496918106,0.37829709057933236
6.192980700000001,7.738904621366676,6.611823596829421,-1.5459239213666756,-0.4188428968294202
6.5212619,7.738904621366676,6.611823596829421,-1.2176427213666763,-0.09056169682942095
6.6187338,7.738904621366676,6.611823596829421,-1.120170821366676,0.006910203170579443
1.3157347,4.505648991412048,2.416520308988026,-3.189914291412048,-1.1007856089880261
2.2603972,4.865220302489204,2.8842552623562234,-2.6048231024892043,-0.6238580623562235
4.363533,6.821311064441783,5.320688778100918,-2.457778064441783,-0.9571557781009172
7.064321799999999,7.396625162165233,6.981619284949212,-0.3323033621652334,0.08270251505078718
5.5577227,7.056001332292052,5.739010311325302,-1.4982786322920516,-0.1812876113253017
10.8895596,7.685251126677074,8.266455974831697,3.204308473322926,2.6231036251683033
16.088464899999998,8.081094896805968,9.990390688567382,8.00737000319403,6.098074211432616
19.2225398,8.462461216108569,15.485227410026821,10.760078583891431,3.7373123899731784
3.2889145,5.926433474449775,5.160158815605168,-2.6375189744497747,-1.8712443156051681
2.7938867,6.2071697693816965,4.887824592105427,-3.4132830693816967,-2.0939378921054272
1.4401416999999999,8.213819545539216,5.41700732291654,-6.773677845539217,-3.9768656229165398
2.9946038,8.572633949793987,6.881482483971995,-5.578030149793987,-3.886878683971995
4.2039566,9.021845786231593,7.234283288355864,-4.817889186231593,-3.0303266883558644
7.358023900000001,9.344450757373936,9.675362791938428,-1.9864268573739352,-2.3173388919384266
4.3276621,5.405105890293085,4.734300963103178,-1.077443790293085,-0.40663886310317743
3.2965047999999997,5.802417320457078,4.349076837126378,-2.5059125204570782,-1.0525720371263785
3.1314903999999997,5.802417320457078,4.349076837126378,-2.6709269204570782,-1.2175864371263785
3.2935454,5.802417320457078,4.349076837126378,-2.5088719204570777,-1.055531437126378
4.591127999999999,6.165554607492474,4.8610240239469436,-1.5744266074924749,-0.2698960239469441
5.1642951,6.165554607492474,4.8610240239469436,-1.001259507492474,0.3032710760530568
4.2604362,6.165554607492474,4.8610240239469436,-1.9051184074924743,-0.6005878239469435
3.9524405999999996,7.6730338665015,7.3003541543631005,-3.7205932665015005,-3.347913554363101
7.0115008,7.960430351846815,7.331613383661683,-0.948929551846815,-0.3201125836616825
6.716900600000001,8.391742216128463,7.341991376707791,-1.6748416161284627,-0.6250907767077907
9.8920718,8.715095832581493,9.118974306778057,1.1769759674185067,0.7730974932219432
5.6096563,7.533192573250137,8.262243760189811,-1.9235362732501367,-2.652587460189811
13.3580848,7.155400156411232,10.475849160821031,6.202684643588769,2.882235639178969
9.0023218,7.6241794674038355,8.613065882958477,1.3781423325961653,0.38925591704152396
8.9558987,7.921166512953958,7.128706426809864,1.0347321870460426,1.8271922731901364
7.9759067,8.02817308480799,8.302483985243214,-0.052266384807990285,-0.3265772852432134
2.0761743,7.157328199142891,6.374773745498046,-5.081153899142891,-4.298599445498046
2.9800875000000002,7.519771274758872,5.247501105388409,-4.539683774758872,-2.2674136053884086
2.3823527,7.685886011147701,4.595999101997457,-5.303533311147701,-2.2136464019974564
7.3959503,7.926906198692454,6.318669513311719,-0.5309558986924543,1.0772807866882808
6.2726875,8.357887167167364,5.913745283076386,-2.0851996671673643,0.35894221692361405
6.8599599,8.940443151674948,6.678843809506662,-2.0804832516749485,0.18111609049333754
9.2456307,9.382665403737258,10.319695313111929,-0.13703470373725857,-1.0740646131119291
10.7804027,9.382665403737258,10.319695313111929,1.3977372962627417,0.4607073868880711
7.1347282,7.391910979234824,7.289815755135225,-0.25718277923482447,-0.15508755513522576
6.769781399999999,7.966334005627319,7.636400406358799,-1.1965526056273195,-0.8666190063587997
7.4170518,8.49615133245077,7.867106276580262,-1.07909953245077,-0.4500544765802621
7.426249,8.885022991131843,8.738209387269336,-1.4587739911318423,-1.3119603872693357
6.732063000000001,7.724728668797707,6.814733631736828,-0.9926656687977058,-0.08267063173682665
8.1725618,7.906622445361561,7.536985824929414,0.2659393546384399,0.6355759750705863
4.1882922,8.392043715315719,7.2256205235989555,-4.203751515315719,-3.037328323598955
3.8964872999999995,8.431514380926721,7.032915566322479,-4.535027080926722,-3.136428266322479
2.3216367,8.066565797890524,6.849274277784528,-5.744929097890524,-4.527637577784528
7.2635302,8.318265715644532,7.109367499929801,-1.0547355156445324,0.1541627000701986
8.9284939,8.967108075608849,8.507479694597714,-0.038614175608849166,0.42101420540228496
8.3360503,9.165410296709764,9.112812185176779,-0.8293599967097638,-0.7767618851767786
9.4053349,7.668774611322234,7.644913430858237,1.736560288677766,1.7604214691417628
2.9639032,8.296242263449479,7.080286521838899,-5.332339063449479,-4.116383321838899
6.8769469,5.906461324022714,6.738018601493654,0.9704855759772864,0.1389282985063458
11.885415400000001,6.6185215505749815,9.13383100361577,5.26689384942502,2.7515843963842315
7.290508599999999,7.110843689809058,7.353788800861648,0.1796649101909411,-0.06328020086164887
11.9529753,7.641847002436737,9.897395053087097,4.311128297563263,2.0555802469129034
5.4188099,7.8448540092215655,7.756189076016457,-2.426044109221565,-2.337379176016457
6.9009775,8.334227589801497,8.242584957055358,-1.433250089801497,-1.3416074570553587
12.387348900000001,8.639161891632325,9.228008232118555,3.748187008367676,3.1593406678814464
10.0185726,9.268726663934572,10.355335665985887,0.7498459360654284,-0.33676306598588646
9.4201973,7.288817785112035,7.608528166416021,2.131379514887965,1.8116691335839787
9.0532635,7.288817785112035,7.608528166416021,1.764445714887965,1.4447353335839788
13.2085172,8.256612660040503,8.23737677795247,4.9519045399594965,4.9711404220475295
13.7691225,8.689622065823015,9.137048386956986,5.079500434176985,4.632074113043014
12.5850607,9.031214811346311,11.653069824453166,3.5538458886536883,0.931990875546834
11.8403261,9.031214811346311,11.653069824453166,2.809111288653689,0.18725627554683477
11.6126319,9.031214811346311,11.653069824453166,2.581417088653689,-0.04043792445316541
5.0047679,6.679239787006546,5.770715992055125,-1.674471887006546,-0.7659480920551252
3.2634893,7.1826396225145634,6.489557276824486,-3.9191503225145636,-3.2260679768244858
4.4004267,7.793910851345728,6.207970528689558,-3.393484151345728,-1.8075438286895587
7.6671392,8.083003782476865,8.144558570419589,-0.415864582476865,-0.4774193704195886
6.3720402,7.626547322489891,7.194313294349802,-1.2545071224898914,-0.8222730943498018
3.4443413,7.933440514165479,7.632052558199237,-4.4890992141654795,-4.187711258199236
4.2057455,8.241516784701805,6.7007727467697205,-4.035771284701805,-2.4950272467697205
9.696208,8.568978192829888,8.824814824329241,1.127229807170112,0.8713931756707591
11.0470758,7.068176171878357,8.551759445490857,3.978899628121643,2.495316354509143
7.6164814,7.516382733868923,7.951698330694742,0.10009866613107654,-0.33521693069474257
8.3061242,7.913168752909672,7.626685949982072,0.39295544709032715,0.6794382500179275
11.767137499999999,8.263096904659815,9.793823126976408,3.504040595340184,1.973314373023591
4.4842263,6.017262649363457,4.50132687804468,-1.5330363493634565,-0.017100578044679793
1.6996944999999999,6.323789335109993,3.070812987014685,-4.624094835109993,-1.3711184870146853
2.9767319,6.774144544883261,4.070461579478734,-3.797412644883261,-1.0937296794787343
6.342234200000001,7.0276266048950475,6.466959268693214,-0.6853924048950466,-0.12472506869321265
6.428969800000001,8.30030975989039,6.332895530321188,-1.8713399598903884,0.09607426967881327
4.0880471,8.818950275384937,4.872632207774015,-4.730903175384937,-0.7845851077740154
6.3179834,9.235195168690995,6.0773821121313105,-2.9172117686909944,0.24060128786868962
4.6007774,9.235195168690995,6.0773821121313105,-4.634417768690994,-1.4766047121313104
7.0590874999999995,9.83922451073802,8.210581267756037,-2.780137010738021,-1.1514937677560377
3.375405,6.237622624412087,3.596660754365287,-2.862217624412087,-0.22125575436528688
5.2238286,6.779140121724092,6.346001286905886,-1.555311521724092,-1.122172686905886
4.4500145,7.11697768919938,6.013003322813545,-2.6669631891993797,-1.5629888228135451
5.5473523,7.650020285940124,6.2285024331668355,-2.1026679859401236,-0.6811501331668355
4.685555,7.121087631727368,6.10857248710823,-2.4355326317273684,-1.42301748710823
3.1473605,7.444701811696809,6.167465294402816,-4.297341311696808,-3.020104794402816
4.0004299,8.037864193417976,5.91306860833253,-4.037434293417975,-1.9126387083325298
5.2798414000000005,8.167118785332066,6.529024178480419,-2.887277385332066,-1.2491827784804181
3.3909722,5.474080749543413,3.391762835269972,-2.0831085495434127,-0.0007906352699715846
2.0268856,5.690138864133729,3.0160708132404204,-3.663253264133729,-0.9891852132404204
5.1051956,6.071978175352367,4.7758033514269504,-0.9667825753523669,0.3293922485730496
6.5883788999999995,6.432022478345556,6.611703513985564,0.15635642165444352,-0.02332461398556429
5.4166998,6.802792733795266,6.25626355434214,-1.3860929337952657,-0.8395637543421399
3.2355183000000003,7.442048891987242,6.331914399812027,-4.206530591987242,-3.096396099812027
3.3028805,7.70757682530151,5.119600988843853,-4.40469632530151,-1.816720488843853
4.9470481,7.978149052445679,7.0074494853704,-3.031100952445679,-2.0604013853704
7.5158525,6.196113250495996,6.744686206624227,1.3197392495040043,0.7711662933757735
3.7547694,6.5128478791289,4.374495838566122,-2.7580784791289004,-0.6197264385661221
3.0486827,6.9629803210694305,3.726183117788007,-3.9142976210694305,-0.6775004177880071
4.8904581,7.363619297466043,6.328156608493613,-2.473161197466043,-1.4376985084936127
3.9411434,6.466221575662275,5.562070500692378,-2.525078175662275,-1.6209271006923776
5.5495166,5.832359282050537,5.536660039618366,-0.2828426820505374,0.012856560381633741
8.1819797,6.015709221700541,7.130168093476417,2.1662704782994586,1.0518116065235823
9.1608861,6.394150169662508,8.009408294487548,2.766735930337493,1.151477805512453
8.2420965,8.060643316915233,7.9250219378379105,0.1814531830847681,0.31707456216209007
8.197594,8.17208068619662,8.059854046641915,0.025513313803379845,0.13773995335808564
5.408184,8.39673841273852,6.957717564055008,-2.9885544127385195,-1.5495335640550074
8.0343035,8.88215968269268,9.448810531978118,-0.8478561826926807,-1.4145070319781183
4.0166249,8.373230253960037,6.4624462442721855,-4.3566053539600365,-2.4458213442721854
5.4635609,8.591646253790932,7.243664528373891,-3.128085353790932,-1.7801036283738911
6.4667098,8.842245457514233,7.470792924824716,-2.3755356575142326,-1.0040831248247155
7.2963871,8.982981482956854,8.248330770234302,-1.6865943829568542,-0.9519436702343027
5.5202785,7.256093733181129,7.697436162786532,-1.7358152331811292,-2.1771576627865326
6.572744,7.693698006597485,8.41553128876031,-1.1209540065974846,-1.8427872887603094
6.840534700000001,8.372674798076257,7.265074237209127,-1.5321400980762565,-0.4245395372091263
10.0670195,8.754177963183968,8.642685598851092,1.3128415368160322,1.4243339011489091
4.0882278,7.16260099859371,6.174299654959284,-3.07437319859371,-2.0860718549592834
3.5949416999999997,7.612956208771108,6.943831708900574,-4.018014508771108,-3.3488900089005744
6.5522161,8.27727206293289,7.352320693484924,-1.725055962932891,-0.8001045934849245
7.8178684,8.654821939563904,8.486242869202018,-0.8369535395639041,-0.6683744692020177
4.4116876,7.183820426286214,6.5481093230178775,-2.7721328262862146,-2.136421723017878
5.1007586,7.651270690588738,7.721483194346172,-2.5505120905887386,-2.6207245943461723
5.8365389,7.83107146593176,7.033079287534767,-1.9945325659317605,-1.1965403875347675
8.523375399999999,7.340114993133946,8.858346872443695,1.1832604068660526,-0.33497147244369607
7.728338699999999,7.620669722826398,8.822890694481996,0.10766897717360102,-1.0945519944819972
6.4199437,7.956732648334317,6.9448000097209395,-1.5367889483343165,-0.5248563097209393
8.2684768,8.477665513730715,8.697803624455878,-0.20918871373071468,-0.42932682445587744
3.5668556999999996,7.186680671354083,6.410587212938816,-3.6198249713540838,-2.8437315129388168
2.8841483,7.652171437951309,6.205344443423241,-4.7680231379513085,-3.3211961434232413
3.3202897,8.029721314582323,5.253677756577986,-4.709431614582323,-1.9333880565779857
6.8473706,8.682805488334559,8.104539021427236,-1.835434888334559,-1.2571684214272363
8.036503,8.682805488334559,8.104539021427236,-0.6463024883345589,-0.06803602142723619
2.7212087,7.469040599522301,6.742147339201175,-4.747831899522301,-4.020938639201175
5.7675747,7.832177886557698,8.138555805966606,-2.064603186557698,-2.3709811059666057
7.381298899999999,8.069465214716093,6.385282231411509,-0.6881663147160939,0.9960166685884904
8.4422464,8.36068823953606,7.929034918139314,0.08155816046394015,0.5132114818606865
4.3477073,6.674039624420301,5.518766268585445,-2.326332324420301,-1.1710589685854451
4.8930944,6.674039624420301,5.518766268585445,-1.780945224420301,-0.625671868585445
5.16634,7.017246369969033,6.803997592760412,-1.8509063699690333,-1.6376575927604122
5.5729253,7.538624771030909,6.385894148036731,-1.9656994710309093,-0.8129688480367312
6.043101,7.538624771030909,6.385894148036731,-1.4955237710309088,-0.3427931480367308
8.5773266,7.863314951421436,8.494105043570217,0.7140116485785635,0.08322155642978224
5.1353135000000005,4.68917117542186,4.624434043021157,0.4461423245781404,0.5108794569788433
4.7096129,5.104796098013669,4.248995799369702,-0.39518319801366886,0.4606171006302979
2.7697965,5.5383995865634645,3.461716277830967,-2.7686030865634645,-0.6919197778309671
12.652460900000001,6.041799422071481,10.213036118448974,6.61066147792852,2.4394247815510273
3.1073371,6.499832361830456,5.165299421216195,-3.392495261830456,-2.0579623212161953
2.5958001,7.2742104372065075,6.255734478378422,-4.678410337206508,-3.6599343783784217
1.3705742,7.511835665416939,5.342242792383107,-6.141261465416939,-3.971668592383107
2.6654793999999997,7.819423217635597,6.321187257451149,-5.153943817635597,-3.6557078574511497
5.216569499999999,7.791677290773624,6.525240313353061,-2.5751077907736244,-1.3086708133530616
3.9164161,8.169227167404637,5.709258998079896,-4.252811067404637,-1.792842898079896
4.1781538,8.169227167404637,5.709258998079896,-3.9910733674046375,-1.5311051980798966
3.3146943999999996,8.169227167404637,5.709258998079896,-4.8545327674046375,-2.3945645980798966
5.212165,8.443738632667706,6.792991452781296,-3.2315736326677067,-1.580826452781296
7.7346652,7.127592766446551,7.086814627971024,0.6070724335534496,0.6478505720289762
4.4095175,7.523034354125951,7.535375668816289,-3.113516854125951,-3.125858168816289
5.8696008,7.792365419007811,6.792494414112644,-1.9227646190078111,-0.9228936141126445
8.744521299999999,8.206162808302881,8.46548238358645,0.5383584916971174,0.2790389164135494
9.7154989,8.02971081906797,10.247553361498458,1.6857880809320296,-0.5320544614984577
4.8626152,7.814012015900893,7.062777837855314,-2.9513968159008934,-2.200162637855314
5.1553282,8.086363712393362,7.633657038748807,-2.931035512393363,-2.4783288387488076
8.0112474,8.71472243585156,7.802671847099085,-0.7034750358515591,0.208575552900915
12.3043613,9.37814721908652,11.00806938008941,2.9262140809134802,1.2962919199105905
5.2179455,4.9705219059685355,5.373908096494084,0.2474235940314644,-0.15596259649408406
5.6357709,7.460234317522099,8.336378151616238,-1.8244634175220993,-2.700607251616238
3.7585057999999996,7.801827063045397,7.8970026122199855,-4.043321263045398,-4.138496812219985
5.2401547,8.43107685743042,6.747494281981584,-3.1909221574304194,-1.5073395819815847
7.0945047,8.82660529961529,8.870218424609895,-1.7321005996152898,-1.7757137246098953
5.9406619,5.904712660318094,6.1715410580276,0.03594923968190589,-0.23087915802759973
5.2193158,7.343081625200126,6.945406738412185,-2.1237658252001257,-1.7260909384121845
4.8007192,7.5767161228948074,7.317412502302927,-2.775996922894808,-2.5166933023029276
4.0468207,8.152117075123726,6.36476854714947,-4.105296375123727,-2.3179478471494708
4.309516,8.36751244374814,6.811873392945419,-4.05799644374814,-2.5023573929454184
4.4779853,5.7738228870365464,4.467820767919898,-1.2958375870365462,0.010164532080102262
5.3912965,6.184107906670429,5.6510212732545115,-0.7928114066704293,-0.2597247732545114
9.378312399999999,6.708708295837151,7.68435842508991,2.6696041041628478,1.6939539749100883
13.5634445,7.302000959114457,10.818281689490483,6.2614435408855424,2.745162810509516
3.6385495,7.9462974335597725,7.04333311839227,-4.307747933559773,-3.40478361839227
2.6677037,8.530854925996051,5.110869020721274,-5.8631512259960505,-2.4431653207212736
3.0162747,8.962340499288636,5.729453035536303,-5.946065799288636,-2.7131783355363033
7.5478355,9.089230873662338,7.635111548451345,-1.541395373662338,-0.08727604845134529
16.491969,9.988812551147136,13.420734774905682,6.503156448852865,3.0712342250943188
4.0240612,8.52495259492597,4.802028085734363,-4.50089139492597,-0.7779668857343625
4.7847533,9.028352430433987,5.416688674166209,-4.243599130433987,-0.6319353741662086
6.4849483999999995,9.460348825504695,6.437393309169998,-2.975400425504696,0.04755509083000131
12.222686000000001,9.695602643847474,13.046378198281193,2.527083356152527,-0.8236921982811918
3.6498916,7.777810927117089,6.400186439996388,-4.127919327117089,-2.7502948399963882
4.0186501,8.05362499047994,7.6184144773529905,-4.0349748904799405,-3.59976437735299
6.234371400000001,8.449468760608836,7.2790148371801395,-2.2150973606088353,-1.044643437180139
5.8314508,8.899090563427293,7.658115954794764,-3.0676397634272936,-1.8266651547947639
5.4006539,8.14534089593282,6.226392585916005,-2.7446869959328204,-0.8257386859160052
4.1094445,8.510732459120938,5.948459178204385,-4.401287959120937,-1.8390146782043848
7.6816518,9.11618343584114,7.390475937497082,-1.4345316358411404,0.29117586250291794
11.9764113,9.33594755081616,12.282499151140861,2.6404637491838407,-0.3060878511408607
4.1163492,7.7534939562882546,5.93849372923905,-3.6371447562882544,-1.8221445292390497
6.4761027,7.931480687640469,7.697264398300158,-1.4553779876404684,-1.2211616983001576
5.2939786,8.48881621981006,7.094025065181244,-3.19483761981006,-1.8000464651812438
5.1630051,7.807947806113843,6.345232893528187,-2.6449427061138424,-1.1822277935281864
5.2837913,8.293369076068002,7.3891029849915535,-3.009577776068002,-2.1053116849915536
5.788390000000001,8.778790346022163,7.425885599395042,-2.990400346022162,-1.6374955993950415
12.548754200000001,9.318147312637896,11.232898075316598,3.2306068873621054,1.3158561246834033
3.8769755000000004,7.619033702632921,5.725514665446736,-3.7420582026329203,-1.848539165446736
4.502693,8.210208450653019,7.416395340773984,-3.707515450653019,-2.913702340773984
7.301334199999999,8.609972722948179,7.282366702881651,-1.3086385229481792,0.01896749711834822
10.7131477,8.97377986453975,11.618417170051883,1.73936783546025,-0.9052694700518824
13.076164200000001,8.97377986453975,11.618417170051883,4.1023843354602505,1.4577470299481181
3.1552872,7.55213568686664,6.215107995916717,-4.39684848686664,-3.0598207959167167
3.8419498000000005,7.736754323956292,7.195718341984425,-3.894804523956292,-3.3537685419844245
4.9014128,8.50661065507146,7.35889134370382,-3.6051978550714603,-2.45747854370382
3.2820673,7.254766251725223,6.381474045874809,-3.972698951725223,-3.0994067458748087
5.217787599999999,7.722208956125526,8.210214513882876,-2.504421356125526,-2.992426913882877
4.8570565000000006,8.082095595146704,6.939191250089301,-3.2250390951467036,-2.082134750089301
5.2504978,8.442297562111907,7.30462170621656,-3.1917997621119074,-2.05412390621656
8.535854700000002,7.396734459034897,7.779542334165169,1.139120240965105,0.756312365834833
9.0593191,7.846198597881341,7.898356310754187,1.2131205021186586,1.1609627892458123
4.4457143,7.082895297238697,6.203801875793988,-2.6371809972386977,-1.7580875757939882
5.644453,7.514696198475306,7.493517830957164,-1.8702431984753058,-1.8490648309571638
4.8205805999999995,7.749048206563504,6.538906825714434,-2.9284676065635047,-1.718326225714434
8.629881899999999,8.14504964066441,8.279152618729517,0.4848322593355885,0.35072928127048186
5.270542000000001,7.493101725425075,6.943813190257039,-2.222559725425074,-1.6732711902570383
7.0815684,8.015737703342829,7.7014768596031455,-0.9341693033428289,-0.6199084596031454
2.4303346,6.768582832833079,5.494117394068101,-4.338248232833079,-3.063782794068101
5.382702,7.45552037493864,7.864227710027088,-2.07281837493864,-2.481525710027088
5.0017065,7.840183508615035,6.950381087511588,-2.838477008615035,-1.9486745875115883
5.7331659,8.145732268525148,7.140779984847461,-2.4125663685251473,-1.4076140848474603
4.5229059000000005,7.832157637423355,7.114397588517289,-3.309251737423354,-2.591491688517289
3.4619655,7.993083525798622,7.808226515147545,-4.531118025798622,-4.346261015147546
4.2524082,8.352067369136144,7.698320170257888,-4.099659169136144,-3.445911970257888
4.5851653,8.89201180349151,6.437614430781646,-4.30684650349151,-1.852449130781646
4.4980683,8.061227014974719,7.595948694143443,-3.563158714974719,-3.097880394143443
3.2060644,8.925455738415767,7.133203416498455,-5.719391338415767,-3.9271390164984554
10.8413615,9.357570100136293,11.44213280142486,1.4837913998637067,-0.6007713014248601
5.739538899999999,7.116757979405323,6.858352429471255,-1.3772190794053234,-1.1188135294712556
12.534986,7.6381363804671984,9.441088173811762,4.8968496195328015,3.093897826188238
15.364557900000001,7.979729125990496,10.500872590406916,7.384828774009505,4.863685309593086
13.904767600000001,8.375888224063415,9.852053522970232,5.528879375936587,4.052714077029769
5.0495426000000005,7.6785099956032745,7.003248140994213,-2.628967395603274,-1.9537055409942123
5.4944988,8.245500848177368,7.224731700648749,-2.7510020481773685,-1.7302329006487494
3.2932288999999995,8.605700947682463,6.277582508141117,-5.312472047682464,-2.984353608141118
5.6958143,9.02046553227707,8.182039127548215,-3.32465123227707,-2.486224827548215
7.0748485,8.057553274926763,9.290662951632797,-0.9827047749267628,-2.215814451632797
6.2553755,8.363188889342345,8.563764742277588,-2.1078133893423443,-2.3083892422775873
8.9200568,8.866588724850361,8.40556131377466,0.05346807514963814,0.5144954862253392
10.0465228,8.866588724850361,8.40556131377466,1.1799340751496388,1.6409614862253399
11.4168439,9.172539667209968,10.903530086169564,2.244304232790032,0.5133138138304361
12.7463019,9.172539667209968,10.903530086169564,3.573762232790033,1.8427718138304368
3.329071,5.9755972220326505,4.019961915070965,-2.6465262220326506,-0.6908909150709652
5.159398400000001,6.478997057540668,4.918304196223775,-1.3195986575406673,0.2410942037762256
8.5591261,6.943924608229216,6.988536263005663,1.615201491770784,1.570589836994337
8.405907599999999,7.3060110730181265,7.471038575856324,1.0998965269818726,0.9348690241436755
8.1283676,7.744630457454678,7.376668744134581,0.3837371425453231,0.7516988558654196
11.2687642,8.427113241762267,8.27203226398171,2.8416509582377323,2.996731936018289
5.1152006,8.69749443180914,7.190054282277677,-3.5822938318091406,-2.074853682277677
15.7120221,9.21817012613201,10.095625915682014,6.49385197386799,5.616396184317987
2.5759814,7.11209268805619,6.383945905046453,-4.5361112880561905,-3.807964505046453
11.159292599999999,8.24117634199099,7.564277171160066,2.918116258009009,3.5950154288399325
8.3665066,8.565682015747923,8.388232911995177,-0.19917541574792352,-0.021726311995177383
9.607109399999999,7.302839880406551,7.140541276797791,2.304269519593448,2.466568123202208
7.195924,7.5587756286749785,6.48123473519383,-0.3628516286749788,0.7146892648061698
2.3504192,8.086507775508482,5.315064542500036,-5.736088575508481,-2.9646453425000354
14.011954099999999,8.24451210352154,11.11293622627577,5.767441996478459,2.8990178737242296
7.10546,7.87257802316527,7.720950800798595,-0.7671180231652697,-0.6154908007985949
3.1565256,8.232779990130473,7.36719704304031,-5.076254390130472,-4.21067144304031
6.168042,8.503089129326385,7.3814547741971435,-2.3350471293263855,-1.2134127741971437
8.2393179,8.503089129326385,7.3814547741971435,-0.26377122932638564,0.8578631258028562
7.7743588,8.503089129326385,7.3814547741971435,-0.7287303293263854,0.39290402580285644
11.9391292,8.809040071685992,8.360729296614057,3.130089128314008,3.578399903385943
4.7713026,7.256482053895681,7.069782867142716,-2.4851794538956806,-2.2984802671427156
2.1404712,7.875165363082191,7.400122467615308,-5.734694163082191,-5.2596512676153075
3.3169666,8.241742286458557,6.49975415886476,-4.924775686458556,-3.1827875588647596
4.8316,8.241742286458557,6.49975415886476,-3.410142286458557,-1.66815415886476
7.8797155,8.601603931688324,7.701223476354873,-0.7218884316883241,0.17849202364512706
8.430050699999999,7.228981185990216,7.595203028607938,1.2010695140097827,0.834847671392061
4.5838179,7.732381021498233,7.15090933892059,-3.148563121498233,-2.56709143892059
4.747476600000001,8.151236993174326,6.708437253276142,-3.403760393174325,-1.9609606532761417
8.0286818,8.336371612650268,8.65107095763798,-0.30768981265026873,-0.622389157637981
3.8365129999999996,6.180347730018436,5.086746275286703,-2.3438347300184366,-1.2502332752867038
3.7892584,6.557897606649449,5.677067727239789,-2.7686392066494494,-1.8878093272397893
3.9473444000000004,7.061297442157467,4.9835814271180485,-3.1139530421574664,-1.036237027118048
4.9933146,7.215971806036043,5.532955661066531,-2.222657206036043,-0.539641061066531
9.8419345,7.984024537515175,9.545704822073713,1.8579099624848254,0.29622967792628785
10.0044865,8.01315287572388,7.17211877643553,1.9913336242761197,2.83236772356447
3.6819756000000003,8.334968131911086,7.26979260009661,-4.652992531911086,-3.58781700009661
7.988509100000001,8.656783387694162,8.07717692712235,-0.6682742876941612,-0.08866782712234933
5.6958563,9.014915559583878,6.7663789787726,-3.319059259583878,-1.0705226787726003
11.0460166,9.3183924652183,9.078709719883017,1.7276241347816992,1.9673068801169826
8.9551391,7.08226719444021,9.306434321489663,1.8728719055597907,-0.3512952214896625
12.6503658,7.66048682660358,10.819462285554941,4.9898789733964195,1.8309035144450583
16.4422711,7.155343670512434,12.84433316226379,9.286927429487566,3.5979379377362086
17.3196512,8.447475963080734,14.470407836208427,8.872175236919265,2.8492433637915724
6.7848557000000005,6.516667734183533,6.326176443935331,0.26818796581646787,0.4586792560646691
7.6607594,7.164365461970561,7.953351401693247,0.4963939380294393,-0.2925920016932473
8.8313399,7.504550103545283,7.849537728778516,1.326789796454717,0.9818021712214833
10.6493118,7.809246982264567,9.21902728652296,2.840064817735432,1.430284513477039
5.8380091,7.332648035739485,5.617966622929406,-1.4946389357394851,0.220042477070594
4.2968513999999995,7.764133609032071,7.5822301389726015,-3.4672822090320716,-3.285378738972602
4.885787,8.394392612648318,6.866747327923926,-3.508605612648318,-1.9809603279239267
4.5540363,8.806890411155821,7.598372246842442,-4.252854111155822,-3.044335946842442
8.1496899,7.745639646948842,8.35644773596282,0.4040502530511585,-0.20675783596282038
7.9231015000000005,8.195016931289816,8.04013024505237,-0.2719154312898153,-0.11702874505237038
9.5309347,8.626502504582401,7.800631176021522,0.9044321954175985,1.7303035239784776
12.3536077,9.165946325703606,9.548944680251397,3.1876613742963933,2.8046630197486024
4.4446007000000005,7.060411267547337,5.843323928772573,-2.615810567547337,-1.3987232287725728
3.4720533,7.5458325375014965,6.248824546050035,-4.073779237501497,-2.7767712460500356
4.3731499,7.5458325375014965,6.248824546050035,-3.172682637501497,-1.8756746460500358
4.5970871,7.5458325375014965,6.248824546050035,-2.948745437501496,-1.651737446050035
5.0539069,7.979101098773204,5.949936844950147,-2.9251941987732035,-0.896029944950147
5.6019755,7.979101098773204,5.949936844950147,-2.377125598773204,-0.3479613449501473
4.6575442,7.979101098773204,5.949936844950147,-3.3215568987732036,-1.292392644950147
10.2835858,8.234366992485457,7.736965436267098,2.049218807514544,2.5466203637329032
10.5484442,8.425612522958694,9.275046864207079,2.1228316770413063,1.2733973357929216
6.4093817,6.658637392621591,6.76469622481019,-0.24925569262159097,-0.3553145248101899
5.6349793,7.082428508788632,8.259406738450886,-1.4474492087886315,-2.624427438450886
4.7375762,6.3760106511833765,5.328128345526895,-1.6384344511833762,-0.5905521455268943
2.7677385,6.738097116376415,4.155845880686583,-3.970358616376415,-1.3881073806865825
2.8750980999999998,6.992312187842178,3.4358032726844754,-4.117214087842179,-0.5607051726844756
4.674737100000001,7.300462955969516,5.247818482518008,-2.625725855969516,-0.5730813825180077
3.4502712,5.337968272517591,3.7415654649290646,-1.8876970725175908,-0.29129426492906463
4.4533821,5.6996574988519555,4.282897379823527,-1.2462753988519557,0.1704847201764732
3.442377,6.152298510584213,4.246029906108004,-2.709921510584213,-0.8036529061080038
2.9609883999999997,6.280266384718426,4.2124530877360735,-3.3192779847184264,-1.2514646877360738
3.3254799000000004,9.236683577491887,4.193552115095072,-5.911203677491886,-0.8680722150950713
4.0124765,9.632212019676757,4.100966001211198,-5.619735519676757,-0.08848950121119792
2.9872514999999997,10.00976189630777,4.2356906863661745,-7.022510396307771,-1.2484391863661748
6.6856892000000006,10.49518316626193,6.842533362369949,-3.809493966261929,-0.15684416236994814
4.6859521,5.964500988339559,5.272526282455229,-1.278548888339559,-0.5865741824552293
5.2755335,6.342050864970572,5.513989641474613,-1.0665173649705721,-0.2384561414746127
5.6578506,6.84545070047859,5.616958921293858,-1.1876001004785905,0.0408916787061413
9.6380705,7.240979142663461,8.007881495503831,2.3970913573365387,1.6301890044961684
6.583128200000001,6.695656603074982,6.085070789246472,-0.11252840307498069,0.49805741075352916
9.7640055,7.199056438583,7.434525611536915,2.564949061417,2.3294798884630845
13.4311925,7.595842457623748,7.797433797081688,5.835350042376252,5.633758702918312
16.7581593,7.992628476664497,11.445956812413419,8.765530823335503,5.31220248758658
1.1640477999999999,6.034335989642508,4.248359469946973,-4.870288189642508,-3.084311669946973
2.5625994,6.3098256109746655,4.86181440123652,-3.7472262109746657,-2.2992150012365205
3.728882,6.5493581007949775,4.177587859389794,-2.8204761007949775,-0.4487058593897939
2.7892151,6.5493581007949775,4.177587859389794,-3.7601430007949777,-1.388372759389794
4.0248276999999995,4.358513329129668,5.9604082318797875,-0.33368562912966837,-1.935580531879788
4.1977817,7.078286964182052,5.989955680014649,-2.8805052641820517,-1.792173980014649
2.5676456,7.3119448624369054,6.383341873899251,-4.744299262436906,-3.8156962738992513
3.6147190000000005,7.815344697944923,8.315963568094439,-4.200625697944922,-4.701244568094438
4.115348399999999,8.139274205858387,6.849277393156817,-4.023925805858387,-2.733928993156818
7.7603136,6.425090754881623,7.27980413118433,1.335222845118377,0.48050946881567036
4.5615687000000005,6.893592416910529,7.571479100180629,-2.3320237169105287,-3.0099104001806287
8.0129202,7.273260208798751,7.1012719659706525,0.7396599912012487,0.9116482340293475
3.3394263,7.548233480249639,4.826596261786901,-4.208807180249639,-1.487169961786901
9.896733300000001,7.971313160419827,9.468832148495077,1.925420139580174,0.42790115150492447
7.3320792,8.34886303705084,9.124951739566928,-1.0167838370508404,-1.792872539566928
9.9180428,8.798865175905762,9.673196771639875,1.1191776240942382,0.2448460283601257
12.0616127,9.052717094097815,10.565121430318639,3.0088956059021843,1.4964912696813606
5.901682500000001,7.919669985084853,7.043803563485073,-2.017987485084852,-1.1421210634850727
6.164224900000001,8.71146172513901,8.341521028962763,-2.5472368251390094,-2.1772961289627624
6.899393099999999,9.347033855824845,8.375867217404956,-2.447640755824846,-1.4764741174049565
8.235717300000001,9.656555739609889,8.833157629127813,-1.4208384396098879,-0.5974403291278119
7.2399016,7.886804842575807,7.212806724342464,-0.6469032425758074,0.027094875657535766
7.3331045999999995,8.006265377904597,8.181095795407046,-0.6731607779045978,-0.8479911954070465
8.1975694,8.327050858335236,8.105653181140388,-0.12948145833523483,0.09191621885961254
9.6790337,8.35527846508931,8.899493794599126,1.3237552349106902,0.779539905400874
8.197857899999999,7.329918076491749,7.591939381090607,0.8679398235082498,0.6059185189093919
9.0003943,7.398237084959307,7.80675160928055,1.6021572150406929,1.1936426907194502
9.6575265,7.602909465448218,8.135489784725456,2.0546170345517814,1.5220367152745435
10.7529535,7.650191125056362,8.302060153542973,3.102762374943638,2.4508933464570273
10.709214,7.259724454255408,7.667643169757031,3.4494895457445915,3.0415708302429687
11.0643462,7.613650186233677,8.628983948568818,3.450696013766322,2.4353622514311812
11.560192299999999,7.832407554843364,8.872209831431052,3.727784745156635,2.687982468568947
12.0738803,8.175637081581469,8.42549220562015,3.898243218418532,3.6483880943798503
11.6767357,8.00809709220638,11.099248006042794,3.6686386077936195,0.577487693957206
12.408806,8.085262850600873,11.593224133273786,4.323543149399127,0.8155818667262142
13.0195685,8.169788155579528,11.983170994034806,4.849780344420472,1.0363975059651942
13.863658200000001,8.239172402706842,11.450837288307795,5.6244857972931595,2.412820911692206
8.7598627,6.225237271570736,7.636717219503921,2.5346254284292637,1.1231454804960785
8.9069372,6.340559331711725,8.377224946422878,2.566377868288275,0.5297122535771219
9.4407499,6.427328915970159,8.706919105565492,3.0134209840298407,0.7338307944345086
10.9337586,6.571190973391861,9.031859130631165,4.36256762660814,1.9018994693688356
8.967995,7.52041414017288,9.503966583568605,1.44758085982712,-0.535971583568605
9.6260531,7.601455495856092,9.157821910032357,2.024597604143908,0.4682311899676428
11.0325559,7.631898234633263,9.340670620783476,3.4006576653667375,1.6918852792165247
11.5007363,7.725769329788871,9.541991628970043,3.7749669702111284,1.9587446710299563
7.135854699999999,7.023881843435218,7.065433672287408,0.11197285656478151,0.07042102771259184
7.4468987,7.1301027156039725,7.358360535000645,0.31679598439602774,0.0885381649993553
8.0782028,7.2165594019239006,7.495962533279543,0.8616433980760991,0.5822402667204569
9.403802,7.259350655477184,8.187197751763668,2.1444513445228166,1.216604248236333
8.3559742,7.528599062286059,8.02115588995318,0.8273751377139416,0.3348183100468205
8.5574206,7.767299649988883,8.186025011249349,0.7901209500111177,0.3713955887506515
9.4350418,7.836750477754692,8.809873684506961,1.5982913222453083,0.6251681154930395
10.2773899,8.034242719760327,8.544894476754953,2.2431471802396725,1.7324954232450462
5.5908883,7.433662381965966,7.118005615088503,-1.8427740819659668,-1.5271173150885033
5.8990989,7.539366664173285,6.648048099002306,-1.6402677641732843,-0.7489491990023058
6.279103900000001,7.892369652685151,8.129147331688563,-1.61326575268515,-1.8500434316885617
8.0636866,7.90164248344475,7.94472827060049,0.16204411655525064,0.11895832939951045
7.221786400000001,5.628046417001183,6.673084372294898,1.5937399829988177,0.5487020277051027
8.2940628,5.6778999509365775,7.43078274300931,2.6161628490634232,0.8632800569906909
8.933844200000001,5.758651102679071,8.147644794812322,3.17519309732093,0.7861994051876788
9.844921099999999,6.072055768175726,8.454644759964815,3.7728653318242724,1.390276340035184
6.312314199999999,6.6089247858764235,6.515394781843084,-0.2966105858764241,-0.20308058184308475
7.127713300000001,6.805137701013281,7.678717702830297,0.3225755989867194,-0.5510044028302961
7.7873294,6.886156217042574,7.792509942163907,0.9011731829574261,-0.005180542163906843
9.0768196,6.924453662983386,7.887459242614488,2.152365937016614,1.189360357385512
8.201771200000001,7.287309824188669,7.488733217686081,0.9144613758113325,0.7130379823139208
8.902719600000001,7.366048060057537,7.821974018649206,1.5366715399424642,1.0807455813507953
10.3727587,7.392210645494976,8.7739306326273,2.9805480545050242,1.5988280673727004
11.4219443,7.572717644255343,8.570190574293362,3.8492266557446566,2.8517537257066383
7.6250328000000005,7.390236349142523,8.404754166319902,0.2347964508574778,-0.7797213663199019
8.2865033,7.47178580650741,8.065819724270705,0.8147174934925898,0.22068357572929465
8.9253745,7.554782805452536,8.87520151959826,1.370591694547464,0.05017298040174012
9.0477822,7.67269896895254,8.808938413873976,1.3750832310474603,0.23884378612602397
7.2616056,7.774188126123181,7.808425914491026,-0.5125825261231807,-0.5468203144910255
7.3790326,7.892735429361646,8.740219601969544,-0.5137028293616455,-1.3611870019695438
8.166918200000001,7.967408597041682,8.920166746410837,0.19950960295831965,-0.7532485464108358
9.1749047,8.028250850111952,9.073284322610268,1.1466538498880485,0.1016203773897324
7.7172068,6.625637818587489,7.460127284344737,1.091568981412511,0.25707951565526255
7.943383399999999,6.7353352897271455,8.01262653158803,1.2080481102728537,-0.06924313158803042
8.775186999999999,7.0521345489670555,8.416935803634964,1.7230524510329435,0.35825119636503544
9.671932499999999,7.113491259075094,8.64269446329218,2.558441240924905,1.0292380367078184
7.1958674,7.343355764198593,7.467041699152728,-0.14748836419859312,-0.2711742991527277
8.4442498,7.384488326320513,7.193095891031191,1.0597614736794867,1.251153908968809
8.8884109,7.732085823123309,8.281896472565666,1.1563250768766915,0.6065144274343339
10.334247300000001,7.885569413655548,7.8821085422210615,2.448677886344453,2.4521387577789397
11.081161400000001,8.764380678830225,9.443833443761719,2.316780721169776,1.6373279562382823
11.9689236,8.962881563039783,11.27627322108194,3.006042036960217,0.69265037891806
12.7959226,9.038655737505291,11.814329057092435,3.75726686249471,0.9815935429075662
13.301652599999999,9.134208889212763,11.298170274971039,4.167443710787236,2.00348232502896
7.6824879,6.748484147288224,6.8601139197912415,0.9340037527117762,0.8223739802087584
8.577141000000001,6.938512120596281,7.57866227228471,1.6386288794037203,0.9984787277152911
9.1647498,7.149784926810604,8.121416189088903,2.0149648731893954,1.0433336109110964
10.431388499999999,7.187859232924739,8.637040725166122,3.2435292670752602,1.7943477748338772
8.8884151,6.932785263577749,7.8896699686803915,1.9556298364222506,0.9987451313196081
8.8995704,7.057913568038888,8.088823210224216,1.841656831961112,0.8107471897757836
9.6715264,7.133378379082969,8.237387613454763,2.5381480209170304,1.4341387865452369
10.6577778,7.195097377865323,8.25972703144662,3.462680422134677,2.3980507685533805
5.8193093000000005,7.920592689150528,7.662576465622205,-2.1012833891505274,-1.8432671656222048
6.484759700000001,8.004316309817,8.33695624505195,-1.5195566098169992,-1.8521965450519486
7.3592653,8.074929062614746,8.709909896459283,-0.7156637626147466,-1.3506445964592837
8.169635999999999,8.149272615904772,8.986098098881985,0.020363384095226422,-0.8164620988819866
11.9299526,8.222645534761416,8.937369041851413,3.7073070652385844,2.9925835581485867
12.529372,8.309011501128529,9.796453531855347,4.220360498871472,2.7329184681446534
13.149070299999998,8.394522066359524,10.22553920858231,4.754548233640474,2.923531091417688
13.877544799999999,8.472298662471802,10.404658890657728,5.405246137528197,3.4728859093422706
7.929145899999999,6.570398862495462,6.977333718299588,1.3587470375045374,0.9518121817004115
7.93142,6.6956573591445485,7.951586854048758,1.2357626408554516,-0.02016685404875762
8.5892479,6.78005084585651,8.181023140864358,1.8091970541434899,0.40822475913564205
10.1878311,7.056587114449088,8.623221438936827,3.1312439855509124,1.564609661063173
5.389298,6.005601038668621,5.9663615068230715,-0.6163030386686206,-0.5770635068230714
5.5007309,6.1247943359853725,5.953154755516806,-0.6240634359853727,-0.4524238555168063
6.0324992,6.216617026840665,6.346905545742663,-0.1841178268406649,-0.3144063457426629
7.0523134,6.277285894424026,7.4269891364133285,0.7750275055759737,-0.3746757364133284
9.0333061,7.762117523899221,7.711109561884125,1.27118857610078,1.3221965381158753
9.608637400000001,7.851069107817709,8.159074482012572,1.7575682921822917,1.4495629179874285
10.2467187,8.061602024790071,9.141240763349021,2.1851166752099296,1.1054779366509795
11.461807,8.108803917443899,9.070034447564353,3.3530030825561017,2.391772552435647
9.3420714,7.34717711383756,8.566173015704075,1.99489428616244,0.7758983842959246
9.8086612,7.44442028495756,8.736335781955937,2.3642409150424397,1.0723254180440627
10.975135,7.49903234610474,9.013185463454622,3.4761026538952597,1.9619495365453776
12.055669400000001,7.558252974038822,9.006200137340263,4.4974164259611795,3.0494692626597377
4.1441669,6.321459328289918,5.678558492093579,-2.1772924282899178,-1.534391592093579
5.1346856,6.378650761684688,6.900121027208508,-1.243965161684688,-1.7654354272085078
5.4826126,6.480982198258037,7.283074512093128,-0.9983695982580363,-1.8004619120931276
6.3022946,6.5501661179874,7.5322399655239565,-0.24787151798740048,-1.2299453655239567
11.3664579,7.25865074951682,9.141431059614902,4.10780715048318,2.225026840385098
11.880186700000001,7.349621634121895,9.754890344564213,4.530565065878106,2.125296355435788
12.455184,7.562753694069926,9.095344463849814,4.892430305930073,3.3598395361501847
13.7066778,7.604956898045594,8.935556972418691,6.101720901954406,4.771120827581308
8.0079473,7.6167726205500825,7.949455120221164,0.39117467944991713,0.058492179778835585
8.391831199999999,7.718576955263567,8.268847835835544,0.673254244736432,0.12298336416445466
8.7335979,7.823231204019149,8.790269208392049,0.9103666959808505,-0.05667130839204937
9.8597877,7.878433799661977,9.275072263876,1.9813539003380232,0.5847154361240001
10.6180973,7.340219577210337,9.849495601657207,3.277877722789664,0.7686016983427937
11.326549199999999,7.541907145264777,10.020224962221116,3.7846420547352215,1.3063242377788828
11.5152232,7.654386881228637,10.250896942934155,3.860836318771362,1.2643262570658447
12.9239254,7.681448621283882,9.926551321662778,5.242476778716118,2.997374078337222
9.000618600000001,7.861346902959676,7.45975272592562,1.139271697040325,1.540865874074381
9.2688326,7.968753758769576,8.238943404757094,1.300078841230424,1.0298891952429052
9.6778789,8.31854039134358,8.163950227674638,1.3593385086564194,1.5139286723253615
10.9609837,8.483339528067823,8.75818797969695,2.4776441719321767,2.2027957203030493
7.5044194,7.279223986698835,8.032307969264142,0.2251954133011651,-0.5278885692641424
7.920874599999999,7.377760220037402,8.302305803813963,0.5431143799625975,-0.381431203813964
8.7003544,7.451998485452852,8.262847273591726,1.2483559145471483,0.43750712640827416
9.542442,7.5225283351611,8.278834961563225,2.0199136648388993,1.2636070384367741
4.8095736,7.659276636940913,7.817958707517332,-2.8497030369409124,-3.0083851075173316
5.1087782,7.764554814085242,7.928419747953122,-2.6557766140852426,-2.8196415479531227
6.0267081000000005,7.827275355504708,7.704334835407673,-1.8005672555047072,-1.6776267354076726
6.8646972,7.8950746540715455,7.856925839634283,-1.0303774540715454,-0.9922286396342832
5.6465619,7.213884444042594,6.539825483705011,-1.567322544042594,-0.8932635837050107
6.676114900000001,7.268829284836745,7.090125221913398,-0.5927143848367438,-0.4140103219133975
7.7838004000000005,7.318163747633952,7.462705271773563,0.46563665236604823,0.32109512822643715
8.6121477,7.386662515431285,8.455783784996568,1.225485184568715,0.15636391500343194
8.1721178,6.856847577491764,6.542309724395763,1.3152702225082367,1.6298080756042372
8.518420899999999,7.084494652564187,7.628134350467196,1.4339262474358119,0.890286549532803
8.818008200000001,7.189767219373939,7.714109877966727,1.628240980626062,1.1038983220332739
10.096424800000001,7.22711074509467,7.514678382340219,2.869314054905331,2.581746417659782
10.4990239,8.129910394121076,9.651063354064751,2.369113505878923,0.8479605459352477
11.0225824,8.220179055592519,9.651991945083717,2.8024033444074803,1.3705904549162824
11.9431349,8.282861150923567,10.204473227860655,3.660273749076433,1.7386616721393455
12.551969499999998,8.366856591255148,10.578673635981193,4.18511290874485,1.9732958640188052
4.2675864,6.713145202953491,6.181281036656092,-2.4455588029534914,-1.9136946366560919
4.8289965,6.800626482041749,6.227433376483138,-1.9716299820417493,-1.3984368764831387
4.8472096,6.925093198584081,7.348827766103751,-2.077883598584081,-2.501618166103751
6.5228245000000005,7.06237150010955,7.550576750221482,-0.5395470001095495,-1.0277522502214813
11.573879,7.643276851852395,9.981754997425098,3.930602148147605,1.5921240025749022
11.8603683,7.750415805229398,10.158662637891375,4.109952494770601,1.7017056621086244
12.5609453,8.08141752979468,10.586623636734615,4.479527770205321,1.9743216632653855
13.2493994,8.413155092138373,10.728962888641176,4.836244307861627,2.520436511358824
11.2220409,7.313016920636169,9.242806230777893,3.9090239793638304,1.979234669222107
11.5525349,7.417278291322907,9.009455556305815,4.135256608677093,2.5430793436941848
12.539592699999998,7.478985468989766,8.524656560075982,5.060607231010232,4.014936139924016
12.7975537,7.58765887795085,8.686399986816117,5.20989482204915,4.111153713183883
5.4823392,7.144632720939785,6.578770135966584,-1.6622935209397847,-1.096430935966584
5.9246096,7.241674269538352,6.963861699948095,-1.317064669538352,-1.0392520999480945
6.6005202999999995,7.323570171440779,7.642784350586241,-0.7230498714407796,-1.0422640505862413
7.6356227,7.3817824182244225,7.953918224140973,0.2538402817755774,-0.3182955241409733
9.118599600000001,7.982858006114268,8.146413830658505,1.135741593885733,0.9721857693414968
10.1086967,8.296220548799196,9.060992189128363,1.8124761512008032,1.047704510871636
10.2055131,8.415628113956927,8.962356188240738,1.789884986043072,1.243156911759261
12.1121526,8.41864667061119,8.974183194392378,3.6935059293888095,3.137969405607622
5.0987132,6.889193099401686,6.387114475290917,-1.790479899401686,-1.2884012752909175
6.0524623,6.951946683709327,7.828630692681035,-0.8994843837093267,-1.7761683926810345
6.758039,7.0317333246687355,7.802166286467861,-0.27369432466873533,-1.0441272864678606
7.934163399999999,7.0800645261298945,7.492292162679382,0.8540988738701047,0.4418712373206173
7.95665,8.032699959253359,7.398080073775247,-0.07604995925335878,0.5585699262247532
8.6475281,8.115492702014203,8.275616242323531,0.5320353979857977,0.3719118576764693
9.4836216,8.188901052940768,8.527512300735157,1.2947205470592316,0.9561092992648419
9.9426899,8.411546316043573,8.376055256539573,1.5311435839564265,1.5666346434604268
9.9870322,7.073558147797531,7.951840358856268,2.913474052202469,2.0351918411437318
10.8870651,7.13319228748034,8.35779479875328,3.753872812519659,2.5292703012467186
11.2453255,7.232581612272357,9.01151541374679,4.012743887727643,2.233810086253209
12.932385199999999,7.485495826617418,9.254622769986439,5.4468893733825805,3.6777624300135603
10.3598673,7.408483229270377,8.995826185054083,2.951384070729622,1.3640411149459162
10.765737699999999,7.50605837472075,9.357319706243093,3.259679325279249,1.4084179937569061
10.8876154,7.748716012021825,10.275670557658016,3.1388993879781744,0.611944842341984
12.4931686,7.761729535126772,7.848145263897859,4.7314390648732285,4.645023336102142
6.8065968,8.159759381680361,7.054479598353214,-1.353162581680361,-0.24788279835321347
7.448970800000001,8.245495665245086,7.210957911153594,-0.7965248652450851,0.2380128888464066
7.716121300000001,8.354592489507125,7.480980545891405,-0.6384711895071238,0.23514075410859636
9.3641381,8.377029800907518,8.248451682410792,0.9871082990924815,1.1156864175892078
7.6330683,8.074085879481897,7.738228299870448,-0.44101757948189757,-0.10515999987044822
8.449134599999999,8.14667156134283,8.112895592316567,0.3024630386571694,0.3362390076834316
9.205698499999999,8.223478261639357,7.811215437369358,0.9822202383606413,1.3944830626306404
10.0282417,8.295410870571086,9.387757445198226,1.7328308294289148,0.6404842548017751
6.2842556,7.559263588730343,7.498923950564891,-1.2750079887303434,-1.2146683505648914
6.313413399999999,7.683011736597663,8.379039488821372,-1.3695983365976643,-2.0656260888213724
6.460433999999999,7.925300798587648,7.926187034243457,-1.4648667985876482,-1.4657530342434573
8.571074900000001,7.913608193668596,8.359201496965822,0.6574667063314052,0.21187340303417912
8.8375357,6.868141401086956,7.561670217837921,1.969394298913044,1.2758654821620787
9.0909999,7.102730688732049,8.219398986720439,1.9882692112679505,0.8716009132795612
9.900462000000001,7.172622551656645,8.545257571253584,2.7278394483433557,1.3552044287464167
10.5793601,7.251684027466717,8.161750566467598,3.3276760725332837,2.417609533532403
4.7888843,7.23517739076748,6.454166402786073,-2.4462930907674796,-1.6652821027860725
4.8427417,7.357447208266235,7.556660185784401,-2.5147055082662346,-2.7139184857844008
6.3290043,7.3844882214631316,7.947768584431134,-1.0554839214631313,-1.6187642844311334
7.686456999999999,7.420115010298204,8.251675598893177,0.2663419897017949,-0.5652185988931784
3.1356218,6.711219755038869,4.817203067334693,-3.5755979550388686,-1.6815812673346926
3.3963469,6.819852644889358,5.193612278816522,-3.4235057448893578,-1.7972653788165216
3.9748764,7.032374800066872,7.0200923695476956,-3.0574984000668723,-3.0452159695476957
4.7052167,7.109007793456121,6.875869967926078,-2.403791093456121,-2.1706532679260775
11.7257956,7.786254081573066,10.200899328260986,3.9395415184269336,1.5248962717390135
12.0156035,7.892786259807638,10.129671055709478,4.1228172401923615,1.8859324442905212
12.4664672,8.240843628256975,10.295999366158236,4.225623571743025,2.170467833841764
13.4078658,8.30377826234544,9.667550112785742,5.104087537654559,3.740315687214258
12.6632878,7.545607267996551,9.328101432732737,5.11768053200345,3.335186367267264
13.084183799999998,7.76937023564671,10.35975508872404,5.3148135643532886,2.7244287112759586
13.795598100000001,7.847955048809282,10.153723107609258,5.9476430511907195,3.6418749923907434
14.718054899999998,7.912283608050771,8.875417671037098,6.8057712919492275,5.8426372289629
7.5777888,6.78270505627935,7.608827114280274,0.7950837437206504,-0.031038314280273482
7.6637865,6.902271216044894,7.884426060178368,0.7615152839551058,-0.22063956017836794
8.5605715,6.964185472640533,8.869033878177184,1.5963860273594674,-0.30846237817718425
8.654387400000001,7.083637022211412,8.766798019873237,1.5707503777885892,-0.11241061987323597
8.9168702,6.835136692427342,7.112868323306684,2.0817335075726584,1.8040018766933157
9.4326436,6.927193856413453,8.091992485617828,2.5054497435865475,1.3406511143821724
9.8540777,7.025098976692336,8.243888649883731,2.8289787233076638,1.6101890501162686
11.8181413,7.021694474316469,8.409152114941653,4.796446825683532,3.4089891850583474
6.9164799,6.093037191153675,6.491648957067267,0.8234427088463248,0.4248309429327328
7.999740299999999,6.2669052878917295,7.36388689099099,1.7328350121082696,0.6358534090090089
8.7332092,6.340143660099659,7.500668839531114,2.3930655399003404,1.2325403604688852
9.699860000000001,6.3965687251696615,7.840239021235817,3.3032912748303396,1.859620978764184
10.9666306,8.051013485149161,8.61133274365571,2.915617114850839,2.35529785634429
12.0738993,8.108725955520082,8.97501226138292,3.9651733444799184,3.0988870386170806
12.4305949,8.338453189334832,9.061103512446305,4.092141710665167,3.369491387553694
13.233077100000001,8.41514488939838,9.260856650310796,4.8179322106016205,3.972220449689205
9.2038434,7.908254275330831,10.135537352598478,1.2955891246691689,-0.9316939525984775
10.5702367,7.940401241634031,10.491511576735837,2.62983545836597,0.0787251232641637
10.792252300000001,8.05127596402309,10.520927609189917,2.740976335976912,0.2713246908100846
11.3892615,8.136002881084892,9.273198786948386,3.2532586189151083,2.1160627130516136
8.6807646,7.535399725454795,9.337332638783122,1.145364874545205,-0.6565680387831225
9.196322,7.878043721471709,9.133621090783215,1.3182782785282914,0.06270090921678495
9.2937879,8.24914168376645,8.935361097061344,1.0446462162335504,0.3584268029386557
10.2833951,8.30857898252988,7.629799773542897,1.9748161174701195,2.6535953264571033
4.201982,7.00842652198141,5.93854734878467,-2.80644452198141,-1.7365653487846702
5.1465667,7.070756323182643,6.658963555660781,-1.9241896231826425,-1.5123968556607812
5.5808164,7.419057240757286,7.78869859592924,-1.8382408407572859,-2.2078821959292405
6.413769599999999,7.489162867536989,7.849975832303133,-1.07539326753699,-1.4362062323031335
9.0651923,6.161170788872724,6.9574815971340955,2.904021511127276,2.107710702865904
9.966128300000001,6.225814826301456,8.266653503098654,3.740313473698545,1.699474796901347
10.5134018,6.3146195915671735,8.670543096427567,4.198782208432827,1.8428587035724338
11.8109793,6.603940275943874,9.531387380470031,5.207039024056126,2.2795919195299685
7.342659599999999,7.812906538631282,8.354749315394923,-0.4702469386312824,-1.0120897153949233
8.298691,7.877301045881196,8.470106260773656,0.421389954118804,-0.17141526077365654
8.3769788,7.9980964792751115,8.373734032304698,0.37888232072488837,0.003244767695301576
9.6826535,8.03950543252655,8.210460671480032,1.6431480674734509,1.4721928285199688
4.8610167,6.696427177164112,6.055721849962791,-1.8354104771641113,-1.1947051499627905
5.244189400000001,6.797683812304311,6.661301063864977,-1.5534944123043104,-1.4171116638649766
5.5135708,6.90563168135887,7.994028130656976,-1.3920608813588702,-2.480457330656976
6.9982434,6.934928509290224,7.843396523683558,0.06331489070977536,-0.8451531236835583
7.3234708,7.187857377378791,7.798169648853694,0.13561342262120935,-0.47469884885369407
7.3407637,7.31233758280634,8.017211260071951,0.028426117193659728,-0.6764475600719511
8.464113099999999,7.493431775474869,7.823128783592718,0.9706813245251293,0.6409843164072804
9.2449183,7.569883116948492,8.070270700229553,1.6750351830515084,1.1746475997704469
8.5175434,8.232309548693019,8.229162793747014,0.2852338513069803,0.28838060625298567
8.9580313,8.32993535359793,8.673027449105392,0.6280959464020697,0.2850038508946078
9.6051928,8.415043330267368,8.808824551583628,1.1901494697326314,0.7963682484163712
10.577620999999999,8.479197471778766,7.995028395959854,2.0984235282212325,2.582592604040145
10.692528699999999,7.576409249995148,7.9225980038652235,3.1161194500048506,2.769930696134775
11.4227539,7.652485803884133,8.548223265024465,3.770268096115867,2.8745306349755353
12.1729598,7.853561288319376,8.66239352269735,4.319398511680623,3.510566277302649
12.754779399999999,7.93962712643502,8.853374179980577,4.815152273564978,3.901405220019422
4.9592696,6.981569026950884,5.91283486665964,-2.022299426950884,-0.9535652666596404
6.2012051,7.023354222662014,5.855611870954507,-0.8221491226620135,0.34559322904549283
6.8319638000000005,7.35817006241637,7.647087100510643,-0.5262062624163697,-0.8151233005106429
7.8877839000000005,7.412171719854022,7.864957633503187,0.47561218014597895,0.022826266496813297
6.739569400000001,6.989640023596515,7.103062901485116,-0.250070623596514,-0.3634935014851157
7.448186499999999,7.068823968729509,8.233520347441942,0.37936253127049024,-0.7853338474419429
7.5849375,7.185413616109612,8.28966471875364,0.39952388389038784,-0.7047272187536402
8.810425400000002,7.229672427281815,8.038731674242179,1.5807529727181864,0.7716937257578227
11.0641457,6.909156742884492,8.525555920973815,4.154988957115507,2.538589779026184
11.369346199999999,7.013788898210238,8.640372028941753,4.355557301789761,2.728974171058246
12.1357292,7.0859866473323585,9.537270697690747,5.049742552667642,2.598458502309253
12.700624799999998,7.172300578618072,9.547424672313786,5.528324221381927,3.153200127686212
9.8942433,6.178613655601608,8.015778234194059,3.7156296443983914,1.8784650658059405
10.414203,6.266702567645227,8.752111642833574,4.147500432354773,1.6620913571664264
11.1320296,6.466020202995657,8.91241078436691,4.666009397004342,2.2196188156330887
12.3390743,6.629143692525725,9.611066965354896,5.709930607474275,2.7280073346451044
10.5485086,7.549896656564565,8.432990877519657,2.998611943435435,2.1155177224803428
11.3027979,7.6267367011867595,9.289596028097714,3.6760611988132403,2.013201871902286
11.387082399999999,7.872736058920632,9.48428881373153,3.514346341079367,1.9027935862684693
12.469435500000001,8.053873101056977,9.406172445619267,4.415562398943024,3.0632630543807338
11.620265999999999,8.74358057820865,10.483944250528713,2.8766854217913487,1.1363217494712856
12.3824737,8.824211430046919,11.462197001303096,3.5582622699530813,0.9202766986969042
13.0136748,9.038752091198388,11.064750079649398,3.9749227088016124,1.9489247203506022
14.383869099999998,9.0836802456744,11.713925174243602,5.300188854325599,2.669943925756396
8.2644495,7.082342530567679,8.176355524230042,1.1821069694323203,0.08809397576995792
8.334904,7.203252793547685,8.390449241478313,1.1316512064523145,-0.0555452414783133
9.4916791,7.24796075592878,8.384257912371385,2.2437183440712207,1.1074211876286153
11.023179800000001,7.267082970287333,8.518291548551797,3.756096829712668,2.504888251448204
7.8124577,8.054956562749085,7.053300265101602,-0.24249886274908494,0.7591574348983983
7.8180965,8.180723859872915,7.008236739962552,-0.3626273598729144,0.8098597600374484
8.178205400000001,8.409284805379846,8.528408300601823,-0.23107940537984462,-0.3502029006018219
10.5009607,8.386668991960292,8.895131724199961,2.1142917080397083,1.6058289758000388
9.312268999999999,7.8455944773534,8.319834897401122,1.4666745226465991,0.9924341025988763
9.9113846,7.932523023218474,9.387152112211599,1.9788615767815259,0.5242324877884013
10.6419461,8.011385278252533,9.95794162344577,2.6305608217474674,0.6840044765542306
11.212169,8.100411748383825,9.191686797985593,3.111757251616174,2.0204822020144064
9.905531400000001,6.907852628782461,8.038970592938329,2.99767877121754,1.8665608070616724
10.2501443,7.135524481001342,9.126616002678848,3.1146198189986585,1.123528297321153
11.076253,7.204056063097849,9.220519901835623,3.8721969369021503,1.855733098164377
12.4723554,7.358268717333255,8.891948798932258,5.114086682666745,3.5804066010677413
12.7798786,7.8088314636963165,9.376139542353592,4.9710471363036834,3.4037390576464084
13.9272642,7.859258333466987,10.068504721640878,6.068005866533013,3.858759478359122
14.4203045,7.952765000752174,10.340956056246293,6.467539499247827,4.079348443753707
15.2345449,8.024819323341932,10.663417438280897,7.209725576658068,4.571127461719103
4.4987555,8.053130465925216,6.958419859123419,-3.5543749659252164,-2.459664359123419
5.2303995,8.133093106258789,7.735650563022798,-2.902693606258789,-2.505251063022798
5.9014806,8.217292312263227,8.129717769053995,-2.315811712263227,-2.228237169053995
6.6923988,8.2935954052197,8.32300247148277,-1.601196605219699,-1.6306036714827696
8.9989252,7.910378606081306,9.090067717101576,1.0885465939186947,-0.0911425171015754
9.5811992,7.997554037743502,9.725505535880814,1.5836451622564987,-0.1443063358808132
10.6048384,8.30595986523165,9.431004210389084,2.2988785347683507,1.1738341896109166
11.673574200000001,8.360330313816526,10.064132567389152,3.313243886183475,1.6094416326108494
9.631356100000001,7.423558534131462,7.634279611056473,2.20779756586854,1.9970764889435282
9.8861673,7.6581280749946,8.861802719235243,2.2280392250054,1.0243645807647574
10.6580893,7.733035259147678,8.781787317749451,2.9250540408523227,1.8763019822505491
11.8273383,7.782025374073723,8.68113869917638,4.045312925926276,3.1461996008236195
7.0998971,6.694770417704728,6.170311933702892,0.40512668229527193,0.929585166297108
7.4809484,6.9213499841888195,7.980184849186954,0.5595984158111804,-0.4992364491869541
8.7488674,6.962754280485492,8.123239911311021,1.786113119514508,0.6256274886889788
9.2794794,7.0534776700404445,8.32809175489196,2.226001729959555,0.9513876451080403
4.7924737,7.1620709147637855,6.641264998191563,-2.369597214763785,-1.8487912981915624
5.4448557,7.243753602790553,7.698729892221575,-1.7988979027905536,-2.2538741922215753
6.1161124,7.324043348834893,8.119792175208534,-1.2079309488348935,-2.0036797752085347
7.1680057,7.378660697063245,7.8585915435015785,-0.2106549970632452,-0.6905858435015784
9.1716681,7.383314875670902,7.726279045894794,1.7883532243290974,1.4453890541052061
10.2507354,7.439208251509993,8.362179681209707,2.811527148490007,1.8885557187902933
11.0492583,7.5126092318373505,8.54287850114147,3.5366490681626495,2.5063797988585304
11.9610135,7.579327175433069,8.262143648235797,4.381686324566931,3.6988698517642025
6.210396599999999,7.472908158733816,7.504283544672236,-1.2625115587338165,-1.293886944672237
7.7606416,7.492871848207862,7.768877862975382,0.26776975179213736,-0.008236262975382047
7.9185805,7.607476517743121,8.610165933256328,0.31110398225687863,-0.6915854332563276
9.2476699,7.642402838626038,8.924613365999313,1.6052670613739624,0.32305653400068657
8.955087200000001,7.170639813347983,8.046481223080228,1.784447386652018,0.9086059769197732
9.3268287,7.272064022143011,8.459603164427536,2.054764677856989,0.8672255355724641
9.9133096,7.359177782507685,8.404364319858157,2.5541318174923147,1.5089452801418428
11.3913676,7.387455322747899,8.453829214811847,4.003912277252102,2.9375383851881534
10.9764972,8.3809687961476,9.484799805515344,2.5955284038524002,1.4916973944846568
11.6376111,8.587815313660606,10.599376840540433,3.049795786339395,1.0382342594595677
12.621934000000001,8.646771950283597,9.928011660851924,3.9751620497164044,2.6939223391480773
13.283868700000001,8.727756477476186,10.118193973585866,4.556112222523815,3.165674726414135
10.8234776,7.488117546359118,8.28941739660757,3.3353600536408825,2.53406020339243
10.944757200000002,7.605492119696385,8.51421983570489,3.3392650803036164,2.4305373642951107
12.826074300000002,7.59995186201797,9.218405113780683,5.226122437982032,3.6076691862193186
13.0656106,7.708895364705848,8.980579932106856,5.356715235294152,4.085030667893143
5.4206486,6.953547838119609,5.959927084363478,-1.532899238119609,-0.5392784843634786
5.420675,7.079397409336242,7.125969914519951,-1.6587224093362423,-1.7052949145199507
6.338566599999999,7.143234765378519,7.701828243542719,-0.8046681653785202,-1.36326164354272
7.020918,7.348653704613038,7.63831454401876,-0.3277357046130378,-0.6173965440187601
10.281764899999999,7.482857223407534,8.61391647694123,2.7989076765924645,1.6678484230587696
10.7757122,7.57635059593979,8.774270262691859,3.1993616040602095,2.0014419373081402
11.2399017,7.671954573725392,8.779071890546895,3.5679471262746087,2.460829809453106
12.4195021,7.720792945595889,8.639720009169231,4.698709154404112,3.7797820908307695
7.649746,7.8729237524617215,7.26461117206151,-0.2231777524617211,0.3851348279384901
7.8777054,7.982595088460593,7.388241850539882,-0.10488968846059343,0.48946354946011805
7.9252221,8.104957856308445,7.782239060579838,-0.17973575630844518,0.14298303942016233
9.6201175,8.111638551447387,8.430054994412918,1.5084789485526127,1.1900625055870808
5.3812258,6.66188725107407,6.211029876021615,-1.28066145107407,-0.829804076021615
5.9837343,6.8712672595559185,7.341357589395256,-0.8875329595559185,-1.3576232893952556
6.5640323,6.95679727820895,7.410322381091229,-0.39276497820894996,-0.8462900810912286
7.0547426,7.048663721855711,7.460129312817091,0.0060788781442893125,-0.4053867128170907
11.7259299,8.463356984232915,10.545114611605536,3.2625729157670857,1.1808152883944647
12.480018900000001,8.537967460935485,11.39868368062185,3.9420514390645156,1.0813352193781505
13.1498539,8.617719921330675,11.867596410826081,4.532133978669325,1.2822574891739187
13.8747389,8.945574676271722,12.189605421745494,4.929164223728279,1.6851334782545067
9.8333146,6.754146626097891,7.281706565907408,3.0791679739021083,2.5516080340925917
10.6033165,6.828523829760558,7.688650935349976,3.7747926702394423,2.914665564650024
10.938642,6.931598122092012,8.582315622653667,4.0070438779079876,2.356326377346333
12.121029199999999,6.978163135718475,7.942318052020859,5.142866064281524,4.17871114797914
7.0360777,6.7674686720844095,6.555980702476555,0.2686090279155904,0.4800969975234448
7.0579061,6.89188239038376,7.571470300988532,0.16602370961624047,-0.5135642009885313
8.1668414,6.946221670272324,7.985560367811986,1.2206197297276749,0.1812810321880134
9.7910729,6.967333278772616,8.251908270395438,2.823739621227384,1.5391646296045618
9.468386299999999,6.78023535936968,8.125385984011722,2.688150940630319,1.3430003159882773
9.969041200000001,6.870839770099415,8.505983159482362,3.0982014299005867,1.4630580405176392
10.767882700000001,6.939771070024691,9.127822884213897,3.82811162997531,1.6400598157861044
11.7096582,7.124643253466596,9.070845417502838,4.585014946533404,2.638812782497162
6.8516461,7.838092485738476,7.51371723177183,-0.9864463857384758,-0.66207113177183
7.4583238,7.924910176346375,8.260715877361946,-0.4665863763463758,-0.8023920773619464
7.7769638,8.03046157038212,8.87199612930463,-0.2534977703821193,-1.0950323293046305
8.5953169,8.35471364801291,8.081858686766605,0.24060325198709087,0.5134582132333954
7.1360893999999995,6.342032198406875,7.065019019864349,0.7940572015931249,0.0710703801356507
7.9267659,6.409408812310997,7.37004984799641,1.5173570876890032,0.5567160520035905
8.9104254,6.462793910091532,8.242272895898168,2.447631489908467,0.6681525041018315
9.2714707,6.562142410721574,8.3645001515811,2.7093282892784263,0.9069705484189008
6.7152321,6.075190925331645,7.078851433307838,0.6400411746683545,-0.36361933330783813
7.653099200000001,6.13371231647444,7.195449189460077,1.519386883525561,0.4576500105399237
8.5374744,6.195808491883193,7.980110483486997,2.3416659081168074,0.5573639165130038
9.3185231,6.26555874832041,7.521664024292074,3.0529643516795906,1.7968590757079266
7.6038801000000005,7.372500820726804,8.00855195516258,0.23137927927319613,-0.4046718551625803
8.0235922,7.596281142967646,8.146951157927724,0.4273110570323535,-0.12335895792772433
8.457628,7.694001531551261,7.867927494211164,0.7636264684487388,0.5897005057888354
9.9052358,7.724399827598514,8.28004924186954,2.1808359724014856,1.6251865581304603
9.8705588,7.782272908270559,8.143889143054555,2.0882858917294405,1.726669656945445
10.2087664,7.886421203097683,8.20327261812686,2.322345196902317,2.00549378187314
10.985466200000001,7.962932727067129,8.821342589072863,3.0225334729328726,2.1641236109271382
12.2668079,8.008047141876563,9.175171355820934,4.258760758123437,3.0916365441790656
